Date,Industrial Production (Mom %), Capacity Utilization Index Mom (%), Nonfarm Payrolls Index Mom (%), Nonfarm Payrolls Index Mom (%).1, Advance Retail Sales Index Mom (%),Manufacturers New Orders Index Mom (%),Real GDP QoQ (%),Real Personal Income MoM (%),Industrial Production (Mom %)_Label, Capacity Utilization Index Mom (%)_Label, Nonfarm Payrolls Index Mom (%)_Label, Nonfarm Payrolls Index Mom (%).1_Label, Advance Retail Sales Index Mom (%)_Label,Manufacturers New Orders Index Mom (%)_Label,Real GDP QoQ (%)_Label,Real Personal Income MoM (%)_Label
1992-04-01,0.6207693308963025,0.6207693308963025,0.05511076109058297,0.9854743900468855,0.40182312108867607,0.2297436675166273,0.3904631153794025,0.07706036605265583,Hot,Hot,Neutral,Hot,Neutral,Neutral,Neutral,Neutral
1992-05-01,0.19203094751228475,0.19203094751228475,0.027878760551690824,1.0976992316180607,0.8894145862408458,-0.031894228275038364,0.3904631153794025,0.17439337231612484,Neutral,Neutral,Neutral,Hot,Hot,Neutral,Neutral,Neutral
1992-06-01,-0.071058515018817,-0.071058515018817,-0.053817241064985546,1.2099240731892362,-0.18630266677528137,0.03635913584452659,0.3904631153794025,0.10747693050998988,Neutral,Neutral,Neutral,Hot,Neutral,Neutral,Neutral,Neutral
1992-07-01,0.7571860892457627,0.7571860892457627,-0.02658524052609342,1.1538116524036488,-0.39742474447003534,0.35487483506916306,0.31071799622323015,-0.19668871406335067,Hot,Hot,Neutral,Hot,Neutral,Neutral,Neutral,Neutral
1992-08-01,-0.6751898734235692,-0.6751898734235692,0.014262760282244767,1.0976992316180607,-0.24662326040235394,-0.3788488292161602,0.31071799622323015,0.08922699183558946,Cold,Cold,Neutral,Hot,Neutral,Neutral,Neutral,Neutral
1992-09-01,0.18228689334446616,0.18228689334446616,-0.09466524187332373,1.0976992316180607,0.5626780374275362,0.4572548812485105,0.31071799622323015,-0.37918810080735504,Neutral,Neutral,Neutral,Hot,Hot,Neutral,Neutral,Neutral
1992-10-01,0.5330728433859352,0.5330728433859352,0.09595876189892116,0.9293619692612974,-1.0307909775542972,0.36625039575575724,0.35502084019888147,-0.44610454261349,Hot,Hot,Neutral,Hot,Cold,Neutral,Neutral,Neutral
1992-11-01,0.24075121835137767,0.24075121835137767,0.0414947608211369,0.9854743900468855,1.2865251609524069,-0.20252763857395079,0.35502084019888147,-0.008106014427879529,Neutral,Neutral,Neutral,Hot,Hot,Neutral,Neutral,Neutral
1992-12-01,0.01663797249155024,0.01663797249155024,0.13680676270725933,0.9854743900468855,0.9296283153255609,0.3093725923227864,0.35502084019888147,2.0784703073452366,Neutral,Neutral,Neutral,Hot,Hot,Neutral,Neutral,Very Hot
1993-01-01,0.2504952725191963,0.2504952725191963,0.21850276432393573,0.9293619692612974,-0.27175684108030085,0.3890015171289456,-0.41584864497745067,-1.8148499431935226,Neutral,Neutral,Neutral,Hot,Neutral,Neutral,Neutral,Very Cold
1993-02-01,0.3381917600295635,0.3381917600295635,0.1776547635155975,0.8171371276901218,-0.46277205423269724,-0.4471021933357252,-0.41584864497745067,0.13789349496732398,Neutral,Neutral,Neutral,Hot,Neutral,Neutral,Neutral,Neutral
1993-03-01,-0.22696338170391434,-0.22696338170391434,-0.18997724375944616,0.7610247069045343,0.7034260892240387,-0.6177356036346375,-0.41584864497745067,-0.3001050332182865,Neutral,Neutral,Neutral,Hot,Hot,Cold,Neutral,Neutral
1993-04-01,0.14331067667319186,0.14331067667319186,0.23211876459338182,0.8171371276901218,-0.23656982813117516,1.2762952506832899,-0.0525653243771103,0.3143095688198615,Neutral,Neutral,Neutral,Hot,Neutral,Hot,Neutral,Neutral
1993-05-01,-0.49005284423501605,-0.49005284423501605,0.20488676405448966,0.8171371276901218,-0.2315431119955858,0.059110257217714894,-0.0525653243771103,-0.15410552382308304,Neutral,Neutral,Neutral,Hot,Neutral,Neutral,Neutral,Neutral
1993-06-01,0.09459040583409892,0.09459040583409892,0.068726761360029,0.7610247069045343,-0.3119705701650159,-0.20821541891724787,-0.0525653243771103,-0.21493865273775115,Neutral,Neutral,Neutral,Hot,Neutral,Neutral,Neutral,Neutral
1993-07-01,0.12382256833755467,0.12382256833755467,0.2457347648628279,0.7049122861189466,0.6330520633257875,0.6961416556669879,-0.1411710123284128,0.052727114486788594,Neutral,Neutral,Neutral,Hot,Hot,Hot,Neutral,Neutral
1993-08-01,-0.23670743587173293,-0.23670743587173293,0.0414947608211369,0.6487998653333586,0.38674297268190794,-0.4186632916192398,-0.1411710123284128,-0.008106014427879529,Neutral,Neutral,Neutral,Hot,Neutral,Neutral,Neutral,Neutral
1993-09-01,0.3674239225330193,0.3674239225330193,0.16403876324615146,0.592687444547771,0.2359414886142265,0.21836810683003313,-0.1411710123284128,-0.2757717816524192,Neutral,Neutral,Neutral,Hot,Neutral,Neutral,Neutral,Neutral
1993-10-01,0.6012812225606653,0.6012812225606653,0.21850276432393573,0.6487998653333586,0.9246015991899714,0.08754915893420032,0.6385590416430497,-0.39743803948175543,Hot,Hot,Neutral,Hot,Hot,Neutral,Hot,Neutral
1993-11-01,0.32844770586174493,0.32844770586174493,0.1776547635155975,0.5365750237621829,-0.9453368032492777,0.46863044193510467,0.6385590416430497,0.016227237137987724,Neutral,Neutral,Neutral,Hot,Cold,Neutral,Hot,Neutral
1993-12-01,0.4356323017077493,0.4356323017077493,0.27296676540171994,0.4804626029765954,1.698715884070736,0.18992920511354772,0.6385590416430497,1.975053988190301,Neutral,Neutral,Neutral,Neutral,Very Hot,Neutral,Hot,Very Hot
1994-01-01,0.1725428391766476,0.1725428391766476,0.20488676405448966,0.5365750237621829,-0.4275850412835716,-0.6859889677542025,0.29299685863296965,-1.3464348505505783,Neutral,Neutral,Neutral,Hot,Neutral,Cold,Neutral,Cold
1994-02-01,-0.071058515018817,-0.071058515018817,0.08234276162947508,0.5365750237621829,0.6431054955969662,0.8781506266524943,0.29299685863296965,-0.08110576912548127,Neutral,Neutral,Neutral,Hot,Hot,Hot,Neutral,Neutral
1994-03-01,0.8448825767561299,0.8448825767561299,0.42274276836562663,0.4804626029765954,-0.2315431119955858,0.9009017480256827,0.29299685863296965,0.02231055002945454,Hot,Hot,Neutral,Neutral,Neutral,Hot,Neutral,Neutral
1994-04-01,0.4453763558755679,0.4453763558755679,0.27296676540171994,0.4243501821910078,1.2111244189185664,-0.31628324543989234,0.6385590416430497,0.42380920086626417,Neutral,Neutral,Neutral,Neutral,Hot,Neutral,Hot,Neutral
1994-05-01,0.32844770586174493,0.32844770586174493,0.2593507651322739,0.2560129198342441,0.6431054955969662,-0.4698533147089135,0.6385590416430497,-0.020272640210813146,Neutral,Neutral,Neutral,Neutral,Hot,Neutral,Hot,Neutral
1994-06-01,0.5233287892181167,0.5233287892181167,0.2457347648628279,0.2560129198342441,0.7888802635290583,0.4458793205619163,0.6385590416430497,-0.22710527852068477,Hot,Hot,Neutral,Neutral,Hot,Neutral,Hot,Neutral
1994-07-01,-0.0028501358440869195,-0.0028501358440869195,0.3001987659406121,0.2560129198342441,0.06000642386859821,-0.14564983514097996,-0.0525653243771103,-0.038522578885213585,Neutral,Neutral,Neutral,Neutral,Neutral,Neutral,Neutral,Neutral
1994-08-01,0.5135847350502981,0.5135847350502981,0.21850276432393573,0.19990049904865653,-0.5633063769444848,0.5937616094876403,-0.0525653243771103,-0.056772517559614016,Hot,Hot,Neutral,Neutral,Cold,Hot,Neutral,Neutral
1994-09-01,0.162798785008829,0.162798785008829,0.27296676540171994,0.14378807826306897,0.33144909519042476,0.3150603726660835,-0.0525653243771103,0.12572686918439033,Neutral,Neutral,Neutral,Neutral,Neutral,Neutral,Neutral,Neutral
1994-10-01,0.6597455475675769,0.6597455475675769,0.1095747621683672,0.08767565747748089,1.382032767528605,0.1671780837403594,0.45248709694531414,0.39947594930039687,Hot,Hot,Neutral,Neutral,Hot,Neutral,Neutral,Neutral
1994-11-01,0.5233287892181167,0.5233287892181167,0.35466276701839633,-0.024549184093694748,-0.4929323510462335,-0.07739647102141502,0.45248709694531414,-0.15410552382308304,Hot,Hot,Neutral,Neutral,Neutral,Neutral,Neutral,Neutral
1994-12-01,0.8351385225883112,0.8351385225883112,0.21850276432393573,-0.08066160487928233,0.9246015991899714,-0.07739647102141502,0.45248709694531414,0.14397680785879075,Hot,Hot,Neutral,Neutral,Hot,Neutral,Neutral,Neutral
1995-01-01,0.05561418916282458,0.05561418916282458,0.2593507651322739,-0.024549184093694748,1.050269502579706,0.059110257217714894,-0.2563584066651061,0.13789349496732398,Neutral,Neutral,Neutral,Neutral,Hot,Neutral,Neutral,Neutral
1995-02-01,-0.24645149003955147,-0.24645149003955147,0.08234276162947508,-0.1367740256648699,-1.201699326164336,-1.0500069097252156,-0.2563584066651061,-0.008106014427879529,Neutral,Neutral,Neutral,Neutral,Cold,Cold,Neutral,Neutral
1995-03-01,0.01663797249155024,0.01663797249155024,0.1095747621683672,-0.1367740256648699,-0.010367602029653098,0.3946892974722427,-0.2563584066651061,0.010143924246520906,Neutral,Neutral,Neutral,Neutral,Neutral,Neutral,Neutral,Neutral
1995-04-01,-0.30491581504646303,-0.30491581504646303,0.0414947608211369,0.08767565747748089,0.2359414886142265,-0.18546429754405952,-0.3006612506407574,-0.06893914334254765,Neutral,Neutral,Neutral,Neutral,Neutral,Neutral,Neutral,Neutral
1995-05-01,0.3479358141973821,0.3479358141973821,-0.16274524322055406,-0.024549184093694748,0.4822505792581061,0.5766982684577491,-0.3006612506407574,-0.0932723949084149,Neutral,Neutral,Neutral,Neutral,Neutral,Hot,Neutral,Neutral
1995-06-01,0.19203094751228475,0.19203094751228475,0.15042276297670537,-0.024549184093694748,-1.1765657454863891,0.4401915402186192,-0.3006612506407574,0.08314367894412265,Neutral,Neutral,Neutral,Neutral,Cold,Neutral,Neutral,Neutral
1995-07-01,-0.5387731150741091,-0.5387731150741091,-0.02658524052609342,0.03156323669189332,-0.3220240024361946,-0.5892967019181522,0.1866700330914066,0.06489374026972222,Cold,Cold,Neutral,Neutral,Neutral,Cold,Neutral,Neutral
1995-08-01,1.146948255958506,1.146948255958506,0.16403876324615146,0.03156323669189332,1.4172197804777307,0.3378114940392718,0.1866700330914066,-0.056772517559614016,Hot,Hot,Neutral,Neutral,Hot,Neutral,Neutral,Neutral
1995-09-01,0.2504952725191963,0.2504952725191963,0.12319076243781327,-0.024549184093694748,0.20075447566510088,-0.15133761548427704,0.1866700330914066,0.08922699183558946,Neutral,Neutral,Neutral,Neutral,Neutral,Neutral,Neutral,Neutral
1995-10-01,-0.29517176087864444,-0.29517176087864444,0.0414947608211369,-0.08066160487928233,1.0552962187152954,-0.4357266326491311,0.036040363574192325,-0.05068920466814722,Neutral,Neutral,Neutral,Neutral,Hot,Neutral,Neutral,Neutral
1995-11-01,0.11407851416973608,0.11407851416973608,0.027878760551690824,-0.024549184093694748,-1.0609512743678333,0.6108249505175316,0.036040363574192325,0.052727114486788594,Neutral,Neutral,Neutral,Neutral,Cold,Hot,Neutral,Neutral
1995-12-01,0.20177500168010334,0.20177500168010334,0.05511076109058297,-0.024549184093694748,1.196044270511798,-0.08877203170800918,0.036040363574192325,-0.03243926599374678,Neutral,Neutral,Neutral,Neutral,Hot,Neutral,Neutral,Neutral
1996-01-01,-0.655701765087932,-0.655701765087932,-0.14912924295110797,-0.024549184093694748,-2.0009471917230472,-0.2935321240667041,0.09806434514010406,0.06489374026972222,Cold,Cold,Neutral,Neutral,Very Cold,Neutral,Neutral,Neutral
1996-02-01,1.283365014307966,1.283365014307966,0.34104676674895024,-0.08066160487928233,-0.8649093450798476,0.63357607189072,0.09806434514010406,0.362976071951596,Hot,Hot,Neutral,Neutral,Cold,Hot,Neutral,Neutral
1996-03-01,-0.26593959837518866,-0.26593959837518866,0.15042276297670537,-0.08066160487928233,1.8193570713248812,-0.014830887245147143,0.09806434514010406,0.07097705316118902,Neutral,Neutral,Neutral,Neutral,Very Hot,Neutral,Neutral,Neutral
1996-04-01,0.8448825767561299,0.8448825767561299,0.05511076109058297,-0.024549184093694748,-0.48790563491064415,0.22405588717333022,0.9132366742920874,0.016227237137987724,Hot,Hot,Neutral,Neutral,Neutral,Neutral,Hot,Neutral
1996-05-01,0.6110252767284838,0.6110252767284838,0.2457347648628279,-0.024549184093694748,1.3719793352574263,0.280933690606301,0.9132366742920874,0.11964355629292352,Hot,Hot,Neutral,Neutral,Hot,Neutral,Hot,Neutral
1996-06-01,0.6012812225606653,0.6012812225606653,0.1776547635155975,-0.19288644645045797,0.1907010433939221,-0.6803011874109055,0.9132366742920874,0.2595597527966602,Hot,Hot,Neutral,Neutral,Neutral,Cold,Hot,Neutral
1996-07-01,-0.1295228400257285,-0.1295228400257285,0.15042276297670537,-0.08066160487928233,-0.6688674157918619,0.1444269623671711,0.23097287706705788,-0.2696884687609524,Neutral,Neutral,Neutral,Neutral,Cold,Neutral,Neutral,Neutral
1996-08-01,0.3674239225330193,0.3674239225330193,0.068726761360029,-0.3051112880216336,0.36160939200396097,-0.219590979603842,0.23097287706705788,0.052727114486788594,Neutral,Neutral,Neutral,Neutral,Neutral,Neutral,Neutral,Neutral
1996-09-01,0.4843525725468423,0.4843525725468423,0.09595876189892116,-0.24899886723604553,-0.7040544287409874,0.41744041884543087,0.23097287706705788,0.02839386292092136,Neutral,Neutral,Neutral,Neutral,Cold,Neutral,Neutral,Neutral
1996-10-01,-0.14901094836136566,-0.14901094836136566,0.16403876324615146,-0.24899886723604553,1.2513381480032815,0.3890015171289456,0.35502084019888147,-0.13585558514868257,Neutral,Neutral,Neutral,Neutral,Hot,Neutral,Neutral,Neutral
1996-11-01,0.7376979809101255,0.7376979809101255,0.1776547635155975,-0.1367740256648699,-0.08576834406349379,-0.3219710257831894,0.35502084019888147,0.052727114486788594,Hot,Hot,Neutral,Neutral,Neutral,Neutral,Neutral,Neutral
1996-12-01,0.4746085183790237,0.4746085183790237,0.08234276162947508,-0.1367740256648699,-1.3223405134184811,-0.08877203170800918,0.35502084019888147,0.09531030472705629,Neutral,Neutral,Neutral,Neutral,Cold,Neutral,Neutral,Neutral
1997-01-01,0.04587013499500599,0.04587013499500599,0.1095747621683672,-0.19288644645045797,0.7436398183087538,0.41744041884543087,0.009458657188801537,0.20480993677345885,Neutral,Neutral,Neutral,Neutral,Hot,Neutral,Neutral,Neutral
1997-02-01,1.0202755517768642,1.0202755517768642,0.21850276432393573,-0.24899886723604553,1.9148646779010794,0.15580252305376527,0.009458657188801537,0.04664380159532178,Hot,Hot,Neutral,Neutral,Very Hot,Neutral,Neutral,Neutral
1997-03-01,0.4843525725468423,0.4843525725468423,0.21850276432393573,-0.24899886723604553,-0.24159654426676455,0.18992920511354772,0.009458657188801537,0.14397680785879075,Neutral,Neutral,Neutral,Neutral,Neutral,Neutral,Neutral,Neutral
1997-04-01,-0.05157040668317984,-0.05157040668317984,0.1912707637850436,-0.3051112880216336,0.9949756250882228,-1.0670702507551069,0.9132366742920874,-0.0993557077998817,Neutral,Neutral,Neutral,Neutral,Hot,Cold,Hot,Neutral
1997-05-01,0.4161441933721122,0.4161441933721122,0.16403876324615146,-0.41733612959280875,-1.3323939456896599,-0.26509322235021865,0.9132366742920874,0.13789349496732398,Neutral,Neutral,Neutral,Neutral,Cold,Neutral,Hot,Neutral
1997-06-01,0.31870365169392634,0.31870365169392634,0.15042276297670537,-0.36122370880722116,1.3568991868506584,0.41744041884543087,0.9132366742920874,0.07706036605265583,Neutral,Neutral,Neutral,Neutral,Hot,Neutral,Hot,Neutral
1997-07-01,0.6889777100710325,0.6889777100710325,0.1912707637850436,-0.41733612959280875,0.8693077216984882,0.4856937829649959,0.5410927848966167,0.13181018207585715,Hot,Hot,Neutral,Neutral,Hot,Neutral,Hot,Neutral
1997-08-01,0.8546266309239484,0.8546266309239484,-0.16274524322055406,-0.47344855037839684,-0.5532529446733061,-0.1911520778873566,0.5410927848966167,0.2169765625563925,Hot,Hot,Neutral,Neutral,Cold,Neutral,Hot,Neutral
1997-09-01,0.7669301434135812,0.7669301434135812,0.40912676809618065,-0.41733612959280875,1.0050290573594016,0.12736362133727985,0.5410927848966167,0.04056048870385496,Hot,Hot,Neutral,Neutral,Hot,Neutral,Hot,Neutral
1997-10-01,0.7376979809101255,0.7376979809101255,0.2457347648628279,-0.5295609711639844,-1.3776343909099642,-0.2764687830368128,0.1866700330914066,0.18047668520759166,Hot,Hot,Neutral,Cold,Cold,Neutral,Neutral,Neutral
1997-11-01,0.6500014933997582,0.6500014933997582,0.1912707637850436,-0.5856733919495725,0.3565826758683716,-0.3731610488728631,0.1866700330914066,0.28997631725399425,Hot,Hot,Neutral,Cold,Neutral,Neutral,Neutral,Neutral
1997-12-01,0.28947148919047055,0.28947148919047055,0.21850276432393573,-0.5295609711639844,-0.27175684108030085,0.16149030339706236,0.1866700330914066,0.22914318833932612,Neutral,Neutral,Neutral,Cold,Neutral,Neutral,Neutral,Neutral
1998-01-01,0.29921554335828915,0.29921554335828915,0.15042276297670537,-0.5856733919495725,-0.4778522026394654,-0.043269788961632534,0.3195785650183604,0.39947594930039687,Neutral,Neutral,Neutral,Cold,Neutral,Neutral,Neutral,Neutral
1998-02-01,0.04587013499500599,0.04587013499500599,0.09595876189892116,-0.5856733919495725,1.2161511350541556,-0.2764687830368128,0.3195785650183604,0.2838930043625274,Neutral,Neutral,Neutral,Cold,Hot,Neutral,Neutral,Neutral
1998-03-01,-0.09054662335445417,-0.09054662335445417,0.027878760551690824,-0.5295609711639844,-0.829722332130722,0.06479803756101198,0.3195785650183604,0.24130981412225977,Neutral,Neutral,Neutral,Cold,Cold,Neutral,Neutral,Neutral
1998-04-01,0.21151905584792188,0.21151905584792188,0.16403876324615146,-0.7540106543063356,-0.9956039646051715,0.6563271932639083,0.2575545834524487,0.08922699183558946,Neutral,Neutral,Neutral,Cold,Cold,Hot,Neutral,Neutral
1998-05-01,0.5038406808824795,0.5038406808824795,0.3001987659406121,-0.6978982335207476,1.1658839736982618,-0.08308425136471209,0.2575545834524487,0.14397680785879075,Hot,Hot,Neutral,Cold,Hot,Neutral,Neutral,Neutral
1998-06-01,-0.7044220359270249,-0.7044220359270249,0.1095747621683672,-0.64178581273516,0.00471254637711504,0.3207481530093806,0.2575545834524487,0.21089324966492567,Cold,Cold,Neutral,Cold,Neutral,Neutral,Neutral,Neutral
1998-07-01,-0.5192850067384719,-0.5192850067384719,0.014262760282244767,-0.64178581273516,-1.639023629960612,-0.6291111643212317,0.549953353691747,-0.03243926599374678,Cold,Cold,Neutral,Cold,Very Cold,Cold,Hot,Neutral
1998-08-01,1.8777523185448997,1.8777523185448997,0.23211876459338182,-0.64178581273516,0.08011328841095575,-0.6575500660377172,0.549953353691747,0.08922699183558946,Very Hot,Very Hot,Neutral,Cold,Neutral,Cold,Hot,Neutral
1998-09-01,-0.21721932753609577,-0.21721932753609577,0.08234276162947508,-0.5856733919495725,0.7687733989867007,0.3946892974722427,0.549953353691747,0.06489374026972222,Neutral,Neutral,Neutral,Cold,Hot,Neutral,Hot,Neutral
1998-10-01,0.5330728433859352,0.5330728433859352,0.08234276162947508,-0.64178581273516,-1.4530351329438052,0.7188927770401761,0.860073261521306,-0.03243926599374678,Hot,Hot,Neutral,Cold,Cold,Hot,Hot,Neutral
1998-11-01,-0.21721932753609577,-0.21721932753609577,0.16403876324615146,-0.6978982335207476,0.969842044410276,0.11598806065068568,0.860073261521306,0.14397680785879075,Neutral,Neutral,Neutral,Cold,Hot,Neutral,Hot,Neutral
1998-12-01,0.2602393266870149,0.2602393266870149,0.2593507651322739,-0.6978982335207476,0.9246015991899714,0.3833137367856485,0.860073261521306,0.004060611355054089,Neutral,Neutral,Neutral,Cold,Hot,Neutral,Hot,Neutral
1999-01-01,0.26998338085483337,0.26998338085483337,-0.02658524052609342,-0.7540106543063356,-1.5083290104352882,-0.1968398582306537,0.26641515224757883,0.09531030472705629,Neutral,Neutral,Neutral,Cold,Very Cold,Neutral,Neutral,Neutral
1999-02-01,0.4356323017077493,0.4356323017077493,0.31381476621005816,-0.6978982335207476,1.075403083257653,0.5027571239948871,0.26641515224757883,0.10747693050998988,Neutral,Neutral,Neutral,Cold,Hot,Hot,Neutral,Neutral
1999-03-01,0.07510229749846174,0.07510229749846174,-0.012969240256647363,-0.8101230750919233,-0.367264447656499,0.08754915893420032,0.26641515224757883,-0.07502245623401446,Neutral,Neutral,Neutral,Cold,Neutral,Neutral,Neutral,Neutral
1999-04-01,0.08484635166628032,0.08484635166628032,0.2457347648628279,-0.7540106543063356,0.26107506929217345,0.22405588717333022,0.16894889550114606,-0.31835497189268697,Neutral,Neutral,Neutral,Cold,Neutral,Neutral,Neutral,Neutral
1999-05-01,0.4648644642112051,0.4648644642112051,0.09595876189892116,-0.8101230750919233,-0.055608047249957514,0.17855364442695354,0.16894889550114606,-0.0020227015364127116,Neutral,Neutral,Neutral,Cold,Neutral,Neutral,Neutral,Neutral
1999-06-01,-0.1977312192004586,-0.1977312192004586,0.15042276297670537,-0.7540106543063356,-0.11090192474144069,-0.003455326558552974,0.16894889550114606,0.07706036605265583,Neutral,Neutral,Neutral,Cold,Neutral,Neutral,Neutral,Neutral
1999-07-01,0.4453763558755679,0.4453763558755679,0.21850276432393573,-0.7540106543063356,1.2563648641388707,0.21836810683003313,0.6119773352576588,0.010143924246520906,Neutral,Neutral,Neutral,Cold,Hot,Neutral,Hot,Neutral
1999-08-01,0.29921554335828915,0.29921554335828915,0.027878760551690824,-0.8101230750919233,-0.17122251836851324,0.36056261541246015,0.6119773352576588,0.13789349496732398,Neutral,Neutral,Neutral,Cold,Neutral,Neutral,Hot,Neutral
1999-09-01,-0.5290290609062904,-0.5290290609062904,0.068726761360029,-0.8101230750919233,0.47219714698692733,0.04204691618782364,0.6119773352576588,-0.17843877538895025,Cold,Cold,Neutral,Cold,Neutral,Neutral,Hot,Neutral
1999-10-01,1.1177160934550503,1.1177160934550503,0.28658276567116603,-0.8662354958775113,0.4520902824445698,-0.27078100269351574,0.8866549679066965,0.2169765625563925,Hot,Hot,Neutral,Cold,Neutral,Neutral,Hot,Neutral
1999-11-01,0.38691203086865644,0.38691203086865644,0.16403876324615146,-0.8662354958775113,-1.0358176936898864,0.5141326846814813,0.8866549679066965,0.2778096914710606,Neutral,Neutral,Neutral,Cold,Cold,Hot,Hot,Neutral
1999-12-01,0.6500014933997582,0.6500014933997582,0.1912707637850436,-0.9223479166630989,1.5328342515962865,0.9179650890555738,0.8866549679066965,0.3568927590601292,Hot,Hot,Neutral,Cold,Very Hot,Hot,Hot,Neutral
2000-01-01,-0.20747527336827717,-0.20747527336827717,0.09595876189892116,-0.9223479166630989,0.07508657227536636,-0.6063600429480435,-0.24749783786997587,0.4055592621918637,Neutral,Neutral,Neutral,Cold,Neutral,Cold,Neutral,Neutral
2000-02-01,0.20177500168010334,0.20177500168010334,-0.02658524052609342,-0.8662354958775113,-2.7046874507055607,0.6733905342937996,-0.24749783786997587,0.10747693050998988,Neutral,Neutral,Neutral,Cold,Very Cold,Hot,Neutral,Neutral
2000-03-01,0.2504952725191963,0.2504952725191963,0.3682787672878424,-0.9223479166630989,2.6990323950530226,0.4856937829649959,-0.24749783786997587,0.02839386292092136,Neutral,Neutral,Neutral,Cold,Very Hot,Neutral,Neutral,Neutral
2000-04-01,0.4843525725468423,0.4843525725468423,0.15042276297670537,-1.0345727582342745,0.4219299856310336,-1.2718303431138018,1.0461452062190413,0.1865599980990585,Neutral,Neutral,Neutral,Cold,Neutral,Cold,Hot,Neutral
2000-05-01,0.1530547308410104,0.1530547308410104,0.09595876189892116,-0.9223479166630989,-1.3424473779608386,0.18992920511354772,1.0461452062190413,0.07706036605265583,Neutral,Neutral,Neutral,Cold,Cold,Neutral,Hot,Neutral
2000-06-01,-0.06131446085099842,-0.06131446085099842,-0.17636124349000012,-0.9223479166630989,1.9299448263078476,0.15011474271046818,1.0461452062190413,0.02839386292092136,Neutral,Neutral,Neutral,Cold,Very Hot,Neutral,Hot,Neutral
2000-07-01,-0.30491581504646303,-0.30491581504646303,0.0414947608211369,-0.9223479166630989,-2.0512143530789415,-0.6632378463810142,-0.4778726265433625,0.18047668520759166,Neutral,Neutral,Neutral,Cold,Very Cold,Cold,Neutral,Neutral
2000-08-01,-0.3926123025568303,-0.3926123025568303,-0.13551324268166193,-0.8662354958775113,0.12535373363126015,0.030671355501229503,-0.4778726265433625,0.19264331099052528,Neutral,Neutral,Neutral,Cold,Neutral,Neutral,Neutral,Neutral
2000-09-01,0.27972743502265196,0.27972743502265196,-0.02658524052609342,-0.9784603374486867,0.9095214507832033,0.5482593667412639,-0.4778726265433625,-0.08718908201694808,Neutral,Neutral,Neutral,Cold,Hot,Hot,Neutral,Neutral
2000-10-01,-0.49005284423501605,-0.49005284423501605,-0.12189724241221586,-0.9784603374486867,-1.6088633331470759,-0.26509322235021865,-0.03484418678684977,0.016227237137987724,Neutral,Neutral,Neutral,Cold,Very Cold,Neutral,Neutral,Neutral
2000-11-01,-0.11003473169009134,-0.11003473169009134,0.068726761360029,-0.9784603374486867,-0.5633063769444848,-0.5381066788284785,-0.03484418678684977,-0.10543902069134853,Neutral,Neutral,Neutral,Cold,Cold,Cold,Neutral,Neutral
2000-12-01,-0.4608206817315604,-0.4608206817315604,0.027878760551690824,-0.9784603374486867,-0.3823445960632672,-0.3333465864697836,-0.03484418678684977,-0.0020227015364127116,Neutral,Neutral,Neutral,Cold,Neutral,Neutral,Neutral,Neutral
2001-01-01,-0.6069814942488391,-0.6069814942488391,-0.14912924295110797,-0.8101230750919233,-1.4831954297573413,0.7359561180700673,-0.8588770847339633,0.22914318833932612,Cold,Cold,Neutral,Cold,Cold,Hot,Cold,Neutral
2001-02-01,-0.772630415101755,-0.772630415101755,-0.053817241064985546,-0.8101230750919233,-0.23656982813117516,-0.2764687830368128,-0.8588770847339633,0.004060611355054089,Cold,Cold,Neutral,Cold,Neutral,Neutral,Cold,Neutral
2001-03-01,-0.3731241942211931,-0.3731241942211931,-0.17636124349000012,-0.7540106543063356,-2.3226570244007676,-0.8111201353067383,-0.8588770847339633,0.08314367894412265,Neutral,Neutral,Neutral,Cold,Very Cold,Cold,Cold,Neutral
2001-04-01,-0.47056473589937886,-0.47056473589937886,-0.4350652486094753,-0.6978982335207476,-2.026080772400994,0.7416438984133644,-0.01712304919658925,-0.251438530086552,Neutral,Neutral,Neutral,Cold,Very Cold,Hot,Neutral,Neutral
2001-05-01,-0.6459577109201134,-0.6459577109201134,-0.18997724375944616,-0.7540106543063356,2.1159333233246547,0.059110257217714894,-0.01712304919658925,-0.28793840743535287,Cold,Cold,Neutral,Cold,Very Hot,Neutral,Neutral,Neutral
2001-06-01,-0.6459577109201134,-0.6459577109201134,-0.24444124483723043,-0.64178581273516,-0.5230926478597698,-0.4926044360821018,-0.01712304919658925,-0.20885533984628432,Cold,Cold,Neutral,Cold,Cold,Neutral,Neutral,Neutral
2001-07-01,-0.7239101442626621,-0.7239101442626621,-0.2716732453761226,-0.5856733919495725,-1.4731419974861626,-0.5096677771119931,-0.9209010662998752,-0.13585558514868257,Cold,Cold,Neutral,Cold,Cold,Cold,Cold,Neutral
2001-08-01,-0.21721932753609577,-0.21721932753609577,-0.2852892456455686,-0.41733612959280875,0.009739262512704424,0.3093725923227864,-0.9209010662998752,-0.22102196562921794,Neutral,Neutral,Neutral,Neutral,Neutral,Neutral,Cold,Neutral
2001-09-01,-0.655701765087932,-0.655701765087932,-0.4078332480705832,-0.36122370880722116,-1.6189167654182546,-1.6699749671445974,-0.9209010662998752,-0.11152233358281534,Cold,Cold,Neutral,Neutral,Very Cold,Very Cold,Cold,Neutral
2001-10-01,-0.42184446506028606,-0.42184446506028606,-0.4622972491483674,-0.19288644645045797,-1.5083290104352882,4.006429815465888,-0.32724295702614814,-0.2757717816524192,Neutral,Neutral,Neutral,Neutral,Very Cold,Very Hot,Neutral,Neutral
2001-11-01,-0.7044220359270249,-0.7044220359270249,-0.4486812488789214,-0.08066160487928233,0.7738001151222901,-1.9202373022496688,-0.32724295702614814,-0.11760564647428214,Cold,Cold,Neutral,Neutral,Hot,Very Cold,Neutral,Neutral
2001-12-01,-0.16849905669700285,-0.16849905669700285,-0.29890524591501466,0.03156323669189332,0.40684983722426543,-0.9817535456056506,-0.32724295702614814,-0.038522578885213585,Neutral,Neutral,Neutral,Neutral,Neutral,Cold,Neutral,Neutral
2002-01-01,0.5525609517215723,0.5525609517215723,-0.2580572451066765,0.03156323669189332,-2.1366685273839603,-0.054645349648226704,0.1778094642962763,-0.026355953102279964,Hot,Hot,Neutral,Neutral,Very Cold,Neutral,Neutral,Neutral
2002-02-01,-0.1392668941935471,-0.1392668941935471,-0.2580572451066765,0.03156323669189332,0.8140138442070052,0.13305140168057694,0.1778094642962763,-0.13585558514868257,Neutral,Neutral,Neutral,Neutral,Hot,Neutral,Neutral,Neutral
2002-03-01,0.6110252767284838,0.6110252767284838,-0.14912924295110797,0.03156323669189332,-0.5834132414868424,-0.3845366095594573,0.1778094642962763,-0.17843877538895025,Hot,Hot,Neutral,Neutral,Cold,Neutral,Neutral,Neutral
2002-04-01,0.3381917600295635,0.3381917600295635,-0.24444124483723043,0.14378807826306897,1.738929613155451,0.4003770778155398,-0.02598361799171951,-0.06893914334254765,Neutral,Neutral,Neutral,Neutral,Very Hot,Neutral,Neutral,Neutral
2002-05-01,0.28947148919047055,0.28947148919047055,-0.12189724241221586,0.08767565747748089,0.33144909519042476,-0.6689256267243113,-0.02598361799171951,0.02839386292092136,Neutral,Neutral,Neutral,Neutral,Neutral,Cold,Neutral,Neutral
2002-06-01,0.6694896017353953,0.6694896017353953,-0.09466524187332373,0.08767565747748089,-1.267046635926998,0.07048581790430906,-0.02598361799171951,0.004060611355054089,Hot,Hot,Neutral,Neutral,Cold,Neutral,Neutral,Neutral
2002-07-01,-0.15875500252918426,-0.15875500252918426,-0.23082524456778436,0.08767565747748089,-0.20138281518204953,0.5311960257113726,-0.2031949938943246,-0.32443828478415376,Neutral,Neutral,Neutral,Neutral,Neutral,Hot,Neutral,Neutral
2002-08-01,-0.22696338170391434,-0.22696338170391434,-0.13551324268166193,0.03156323669189332,-0.09582177633467255,0.12167584099398276,-0.2031949938943246,-0.1419388980401494,Neutral,Neutral,Neutral,Neutral,Neutral,Neutral,Neutral,Neutral
2002-09-01,-0.03208229834754267,-0.03208229834754267,-0.21720924429833827,0.03156323669189332,-0.367264447656499,-1.1865136379643455,-0.2031949938943246,-0.10543902069134853,Neutral,Neutral,Neutral,Neutral,Neutral,Cold,Neutral,Neutral
2002-10-01,-0.3828682483890117,-0.3828682483890117,-0.012969240256647363,0.03156323669189332,-0.045554614978778746,0.15580252305376527,-0.46015148895310193,-0.038522578885213585,Neutral,Neutral,Neutral,Neutral,Neutral,Neutral,Neutral,Neutral
2002-11-01,0.40640013920429363,0.40640013920429363,-0.13551324268166193,0.14378807826306897,0.024819410919472578,-0.12858649411108872,-0.46015148895310193,-0.008106014427879529,Neutral,Neutral,Neutral,Neutral,Neutral,Neutral,Neutral,Neutral
2002-12-01,-0.6654458192557506,-0.6654458192557506,-0.29890524591501466,0.19990049904865653,-0.6236269705715575,0.42312819918872796,-0.46015148895310193,-0.008106014427879529,Cold,Cold,Neutral,Neutral,Cold,Neutral,Neutral,Neutral
2003-01-01,0.6792336559032139,0.6792336559032139,-0.02658524052609342,0.08767565747748089,-0.18630266677528137,0.17286586408365645,-0.0968681683527615,-0.31227165900122017,Hot,Hot,Neutral,Neutral,Neutral,Neutral,Neutral,Neutral
2003-02-01,-0.012594190011905511,-0.012594190011905511,-0.2716732453761226,0.14378807826306897,0.9648153282746865,-1.0045046669788391,-0.0968681683527615,-0.3548548492414878,Neutral,Neutral,Neutral,Neutral,Hot,Cold,Neutral,Neutral
2003-03-01,-0.3926123025568303,-0.3926123025568303,-0.3533692469927989,0.14378807826306897,-0.6135735383003786,0.46863044193510467,-0.0968681683527615,-0.05068920466814722,Neutral,Neutral,Neutral,Neutral,Cold,Neutral,Neutral,Neutral
2003-04-01,-0.7433982525982993,-0.7433982525982993,-0.20359324402889223,0.19990049904865653,-0.935283370978099,-0.054645349648226704,0.22211230827192763,0.10747693050998988,Cold,Cold,Neutral,Neutral,Cold,Neutral,Neutral,Neutral
2003-05-01,-0.15875500252918426,-0.15875500252918426,-0.1082812421427698,0.2560129198342441,0.4420368501733911,-0.11152315308119749,0.22211230827192763,0.3082262559283947,Neutral,Neutral,Neutral,Neutral,Neutral,Neutral,Neutral,Neutral
2003-06-01,-0.0028501358440869195,-0.0028501358440869195,-0.14912924295110797,0.36823776140541975,0.49733072766487424,0.5710104881144521,0.22211230827192763,0.05881042737825541,Neutral,Neutral,Neutral,Neutral,Neutral,Hot,Neutral,Neutral
2003-07-01,0.3771679767008379,0.3771679767008379,-0.13551324268166193,0.31212534061983216,0.09519343681772387,0.26387034957640976,0.904376105496957,-0.08718908201694808,Neutral,Neutral,Neutral,Neutral,Neutral,Neutral,Hot,Neutral
2003-08-01,-0.33414797754991876,-0.33414797754991876,-0.16274524322055406,0.2560129198342441,0.6129451987834299,0.42312819918872796,0.904376105496957,-0.0446058917766804,Neutral,Neutral,Neutral,Neutral,Hot,Neutral,Hot,Neutral
2003-09-01,0.5038406808824795,0.5038406808824795,-0.02658524052609342,0.2560129198342441,0.47219714698692733,-0.35040992749967487,0.904376105496957,-0.05068920466814722,Hot,Hot,Neutral,Neutral,Neutral,Neutral,Hot,Neutral
2003-10-01,-0.0028501358440869195,-0.0028501358440869195,0.05511076109058297,0.19990049904865653,1.482567090240393,-0.361785488186269,0.4613476657404444,0.08922699183558946,Neutral,Neutral,Neutral,Neutral,Hot,Neutral,Neutral,Neutral
2003-11-01,0.5330728433859352,0.5330728433859352,-0.09466524187332373,0.08767565747748089,-0.13603550541938758,0.007920234128041164,0.4613476657404444,0.21089324966492567,Hot,Hot,Neutral,Neutral,Neutral,Neutral,Neutral,Neutral
2003-12-01,-0.08080256918663559,-0.08080256918663559,-0.02658524052609342,0.03156323669189332,-0.2566766926735327,0.013608014471338248,0.4613476657404444,-0.11760564647428214,Neutral,Neutral,Neutral,Neutral,Neutral,Neutral,Neutral,Neutral
2004-01-01,0.03612608082718742,0.03612608082718742,0.0414947608211369,0.03156323669189332,-0.7492948739612919,0.019295794814635333,-0.06142589317224056,-0.25752184297801883,Neutral,Neutral,Neutral,Neutral,Cold,Neutral,Neutral,Neutral
2004-02-01,0.4746085183790237,0.4746085183790237,-0.06743324133443161,-0.024549184093694748,0.12032701749567076,0.13873918202387403,-0.06142589317224056,-0.06285583045108084,Neutral,Neutral,Neutral,Neutral,Neutral,Neutral,Neutral,Neutral
2004-03-01,-0.5095409525706532,-0.5095409525706532,0.1912707637850436,0.08767565747748089,3.0659826729510473,0.8155850428762266,-0.06142589317224056,0.07706036605265583,Cold,Cold,Neutral,Neutral,Very Hot,Hot,Neutral,Neutral
2004-04-01,0.2504952725191963,0.2504952725191963,0.15042276297670537,-0.024549184093694748,-1.5234091588420562,-0.6120478232913406,0.11578548273036458,0.052727114486788594,Neutral,Neutral,Neutral,Neutral,Very Cold,Cold,Neutral,Neutral
2004-05-01,0.5915371683928466,0.5915371683928466,0.16403876324615146,-0.024549184093694748,0.21080790793627963,0.4629426615918076,0.11578548273036458,0.18047668520759166,Hot,Hot,Neutral,Neutral,Neutral,Neutral,Neutral,Neutral
2004-06-01,-0.8798150109477594,-0.8798150109477594,-0.040201240795539474,-0.024549184093694748,-0.20138281518204953,-0.5836089215748551,0.11578548273036458,-0.08110576912548127,Cold,Cold,Neutral,Neutral,Neutral,Cold,Neutral,Neutral
2004-07-01,0.5915371683928466,0.5915371683928466,-0.08104924160387766,-0.08066160487928233,-0.392398028334446,0.2468070085465185,0.2752757210427091,0.07097705316118902,Hot,Hot,Neutral,Neutral,Neutral,Neutral,Neutral,Neutral
2004-08-01,-0.04182635251536126,-0.04182635251536126,-0.040201240795539474,-0.1367740256648699,0.9044947346476139,-0.31628324543989234,0.2752757210427091,0.1013936176185231,Neutral,Neutral,Neutral,Neutral,Hot,Neutral,Neutral,Neutral
2004-09-01,-0.02233824417972409,-0.02233824417972409,0.014262760282244767,-0.1367740256648699,0.6581856440037344,0.9179650890555738,0.2752757210427091,-0.06893914334254765,Neutral,Neutral,Neutral,Neutral,Hot,Hot,Neutral,Neutral
2004-10-01,0.7376979809101255,0.7376979809101255,0.21850276432393573,-0.08066160487928233,-0.22148967972440703,-0.043269788961632534,0.3372997026086209,-0.11152233358281534,Hot,Hot,Neutral,Neutral,Neutral,Neutral,Neutral,Neutral
2004-11-01,0.11407851416973608,0.11407851416973608,-0.053817241064985546,-0.1367740256648699,0.6229986310546087,0.13873918202387403,0.3372997026086209,-0.3001050332182865,Neutral,Neutral,Neutral,Neutral,Hot,Neutral,Neutral,Neutral
2004-12-01,0.630513385064121,0.630513385064121,-0.012969240256647363,-0.1367740256648699,0.9547618960035077,0.5141326846814813,0.3372997026086209,1.9142208592756331,Hot,Hot,Neutral,Neutral,Hot,Hot,Neutral,Very Hot
2005-01-01,0.21151905584792188,0.21151905584792188,0.014262760282244767,-0.19288644645045797,0.014765978648293808,-0.8224956959933325,0.4170448217647933,-1.8026833174105892,Neutral,Neutral,Neutral,Neutral,Neutral,Cold,Neutral,Very Cold
2005-02-01,0.5720490600572095,0.5720490600572095,0.12319076243781327,-0.1367740256648699,0.547597889020768,0.49138156330829297,0.4170448217647933,-0.0993557077998817,Hot,Hot,Neutral,Neutral,Hot,Neutral,Neutral,Neutral
2005-03-01,-0.26593959837518866,-0.26593959837518866,-0.012969240256647363,-0.24899886723604553,-0.9553902355204564,-0.07170869067811793,0.4170448217647933,0.05881042737825541,Neutral,Neutral,Neutral,Neutral,Cold,Neutral,Neutral,Neutral
2005-04-01,0.07510229749846174,0.07510229749846174,0.2457347648628279,-0.24899886723604553,0.04995299159741947,0.28662147094959806,-0.13231044353328256,0.06489374026972222,Neutral,Neutral,Neutral,Neutral,Neutral,Neutral,Neutral,Neutral
2005-05-01,-0.04182635251536126,-0.04182635251536126,0.0414947608211369,-0.3051112880216336,-0.0807416279279044,-0.5494822395150726,-0.13231044353328256,0.12572686918439033,Neutral,Neutral,Neutral,Neutral,Neutral,Cold,Neutral,Neutral
2005-06-01,0.29921554335828915,0.29921554335828915,0.12319076243781327,-0.36122370880722116,1.3066320254947645,1.50949424475847,-0.13231044353328256,0.016227237137987724,Neutral,Neutral,Neutral,Neutral,Hot,Very Hot,Neutral,Neutral
2005-07-01,-0.4413325733959232,-0.4413325733959232,0.21850276432393573,-0.36122370880722116,-1.9908937594518685,0.1671780837403594,0.12464605152549485,-0.05068920466814722,Neutral,Neutral,Neutral,Neutral,Very Cold,Neutral,Neutral,Neutral
2005-08-01,0.19203094751228475,0.19203094751228475,0.068726761360029,-0.41733612959280875,2.508017181900626,-0.8850612797696003,0.12464605152549485,-0.03243926599374678,Neutral,Neutral,Neutral,Neutral,Very Hot,Cold,Neutral,Neutral
2005-09-01,-2.019869348582534,-2.019869348582534,-0.08104924160387766,-0.36122370880722116,0.15551403044479647,-0.054645349648226704,0.12464605152549485,-0.3366049105670874,Very Cold,Very Cold,Neutral,Neutral,Neutral,Neutral,Neutral,Neutral
2005-10-01,1.0592517684481386,1.0592517684481386,-0.040201240795539474,-0.36122370880722116,0.5425711728851786,-0.1968398582306537,-0.07028646196737072,0.21089324966492567,Hot,Hot,Neutral,Neutral,Hot,Neutral,Neutral,Neutral
2005-11-01,0.9423231184343158,0.9423231184343158,0.21850276432393573,-0.36122370880722116,0.6833192246816813,0.27524591026300393,-0.07028646196737072,0.2595597527966602,Hot,Hot,Neutral,Neutral,Hot,Neutral,Neutral,Neutral
2005-12-01,0.3381917600295635,0.3381917600295635,0.027878760551690824,-0.41733612959280875,-0.18127595063969199,-0.1968398582306537,-0.07028646196737072,0.07097705316118902,Neutral,Neutral,Neutral,Neutral,Neutral,Neutral,Neutral,Neutral
2006-01-01,0.02638202665936883,0.02638202665936883,0.13680676270725933,-0.5295609711639844,0.9396817475967396,1.4071141985791227,0.6296984728479194,0.6002252747188016,Neutral,Neutral,Neutral,Cold,Hot,Hot,Hot,Hot
2006-02-01,-0.09054662335445417,-0.09054662335445417,0.1776547635155975,-0.47344855037839684,-0.1611690860973345,-0.6575500660377172,0.6296984728479194,0.17439337231612484,Neutral,Neutral,Neutral,Neutral,Neutral,Cold,Hot,Neutral
2006-03-01,0.09459040583409892,0.09459040583409892,0.16403876324615146,-0.5295609711639844,0.6833192246816813,-0.00914310690185006,0.6296984728479194,0.11964355629292352,Neutral,Neutral,Neutral,Cold,Hot,Neutral,Hot,Neutral
2006-04-01,0.162798785008829,0.162798785008829,0.0414947608211369,-0.5295609711639844,-0.5331460801309486,0.05342247687441781,-0.3361035258212784,-0.11152233358281534,Neutral,Neutral,Neutral,Cold,Cold,Neutral,Neutral,Neutral
2006-05-01,-0.10029067752227276,-0.10029067752227276,-0.09466524187332373,-0.5856733919495725,0.47219714698692733,-0.4186632916192398,-0.3361035258212784,-0.1906054011718839,Neutral,Neutral,Neutral,Cold,Neutral,Neutral,Neutral,Neutral
2006-06-01,0.20177500168010334,0.20177500168010334,-0.053817241064985546,-0.5856733919495725,0.26107506929217345,0.08754915893420032,-0.3361035258212784,-0.06893914334254765,Neutral,Neutral,Neutral,Cold,Neutral,Neutral,Neutral,Neutral
2006-07-01,-0.1977312192004586,-0.1977312192004586,0.05511076109058297,-0.5295609711639844,-0.7090811448765769,-0.043269788961632534,-0.43356978256771117,-0.1906054011718839,Neutral,Neutral,Neutral,Cold,Cold,Neutral,Neutral,Neutral
2006-08-01,0.28947148919047055,0.28947148919047055,0.027878760551690824,-0.5295609711639844,-0.935283370978099,-0.003455326558552974,-0.43356978256771117,-0.2027720269548175,Neutral,Neutral,Neutral,Cold,Cold,Neutral,Neutral,Neutral
2006-09-01,-0.30491581504646303,-0.30491581504646303,0.0006467600127987112,-0.64178581273516,1.0000023412238124,-0.5551700198583697,-0.43356978256771117,0.2169765625563925,Neutral,Neutral,Neutral,Cold,Hot,Cold,Neutral,Neutral
2006-10-01,-0.22696338170391434,-0.22696338170391434,-0.12189724241221586,-0.6978982335207476,-0.24159654426676455,-0.25940544200692156,0.19553060188653684,0.18047668520759166,Neutral,Neutral,Neutral,Cold,Neutral,Neutral,Neutral,Neutral
2006-11-01,-0.15875500252918426,-0.15875500252918426,0.08234276162947508,-0.64178581273516,-0.12598207314820883,-0.04895756930492962,0.19553060188653684,0.16222674653319122,Neutral,Neutral,Neutral,Cold,Neutral,Neutral,Neutral,Neutral
2006-12-01,0.8741147392595856,0.8741147392595856,0.05511076109058297,-0.6978982335207476,1.5227808193251076,0.4629426615918076,0.19553060188653684,0.2169765625563925,Hot,Hot,Neutral,Cold,Very Hot,Neutral,Neutral,Neutral
2007-01-01,-0.48030879006719746,-0.48030879006719746,0.08234276162947508,-0.5856733919495725,-1.7345312365368104,-0.31628324543989234,-0.3006612506407574,-0.03243926599374678,Neutral,Neutral,Neutral,Cold,Very Cold,Neutral,Neutral,Neutral
2007-02-01,0.8059063600848555,0.8059063600848555,-0.053817241064985546,-0.64178581273516,0.4571169985801592,-0.10583537273790042,-0.3006612506407574,0.12572686918439033,Hot,Hot,Neutral,Cold,Neutral,Neutral,Neutral,Neutral
2007-03-01,0.04587013499500599,0.04587013499500599,0.08234276162947508,-0.6978982335207476,0.2761552176989416,0.2297436675166273,-0.3006612506407574,0.08922699183558946,Neutral,Neutral,Neutral,Cold,Neutral,Neutral,Neutral,Neutral
2007-04-01,0.5233287892181167,0.5233287892181167,-0.06743324133443161,-0.64178581273516,0.7838535473934689,-0.361785488186269,-0.02598361799171951,-0.0446058917766804,Hot,Hot,Neutral,Cold,Hot,Neutral,Neutral,Neutral
2007-05-01,-0.08080256918663559,-0.08080256918663559,0.014262760282244767,-0.6978982335207476,-0.3119705701650159,0.49138156330829297,-0.02598361799171951,-0.11152233358281534,Neutral,Neutral,Neutral,Cold,Neutral,Neutral,Neutral,Neutral
2007-06-01,-0.10029067752227276,-0.10029067752227276,-0.053817241064985546,-0.5856733919495725,-1.372607674774375,-0.6746134070676084,-0.02598361799171951,-0.16627214960601663,Neutral,Neutral,Neutral,Cold,Cold,Cold,Neutral,Neutral
2007-07-01,-0.28542770671082585,-0.28542770671082585,-0.16274524322055406,-0.5295609711639844,0.5978650503766618,0.019295794814635333,-0.0525653243771103,-0.0993557077998817,Neutral,Neutral,Neutral,Cold,Hot,Neutral,Neutral,Neutral
2007-08-01,0.06535824333064318,0.06535824333064318,-0.16274524322055406,-0.5856733919495725,0.321395662919246,0.07617359824760615,-0.0525653243771103,-0.14802221093161622,Neutral,Neutral,Neutral,Cold,Neutral,Neutral,Neutral,Neutral
2007-09-01,0.10433446000191748,0.10433446000191748,-0.053817241064985546,-0.5295609711639844,-0.27175684108030085,0.007920234128041164,-0.0525653243771103,-0.056772517559614016,Neutral,Neutral,Neutral,Cold,Neutral,Neutral,Neutral,Neutral
2007-10-01,-0.41210041089246746,-0.41210041089246746,-0.053817241064985546,-0.5295609711639844,0.5827849019698936,0.11030028030738859,-0.008262480401458987,-0.22102196562921794,Neutral,Neutral,Neutral,Cold,Hot,Neutral,Neutral,Neutral
2007-11-01,0.4161441933721122,0.4161441933721122,-0.02658524052609342,-0.5295609711639844,-0.04052789884318937,0.3093725923227864,-0.008262480401458987,-0.18452208828041708,Neutral,Neutral,Neutral,Cold,Neutral,Neutral,Neutral,Neutral
2007-12-01,-0.071058515018817,-0.071058515018817,-0.02658524052609342,-0.36122370880722116,0.8994680185120246,-0.867997938739709,-0.008262480401458987,0.11964355629292352,Neutral,Neutral,Neutral,Neutral,Hot,Cold,Neutral,Neutral
2008-01-01,-0.24645149003955147,-0.24645149003955147,-0.13551324268166193,-0.36122370880722116,0.2912353661057097,-0.10014759239460333,-0.9474827726852659,-0.06893914334254765,Neutral,Neutral,Neutral,Neutral,Neutral,Neutral,Cold,Neutral
2008-02-01,-0.49005284423501605,-0.49005284423501605,-0.20359324402889223,-0.41733612959280875,-1.226832906842283,-0.7258034301572821,-0.9474827726852659,-0.08110576912548127,Neutral,Neutral,Neutral,Neutral,Cold,Cold,Cold,Neutral
2008-03-01,-0.4413325733959232,-0.4413325733959232,-0.20359324402889223,-0.3051112880216336,0.8089871280714158,-0.06033312999152379,-0.9474827726852659,-0.06893914334254765,Neutral,Neutral,Neutral,Neutral,Hot,Neutral,Cold,Neutral
2008-04-01,-0.8018625776052107,-0.8018625776052107,-0.3533692469927989,-0.36122370880722116,0.9095214507832033,-0.2821565633801099,-0.03484418678684977,-0.31227165900122017,Cold,Cold,Neutral,Neutral,Hot,Neutral,Neutral,Neutral
2008-05-01,-0.7336541984304806,-0.7336541984304806,-0.3261372464539068,-0.1367740256648699,-0.9403100871136884,0.3093725923227864,-0.03484418678684977,2.437385767941779,Cold,Cold,Neutral,Neutral,Cold,Neutral,Neutral,Very Hot
2008-06-01,-0.3828682483890117,-0.3828682483890117,-0.2852892456455686,-0.024549184093694748,0.5124108760716424,-0.12289871376779166,-0.03484418678684977,-1.6019339919921844,Neutral,Neutral,Neutral,Neutral,Hot,Neutral,Neutral,Very Cold
2008-07-01,-0.5680052775775648,-0.5680052775775648,-0.3397532467233529,0.08767565747748089,-1.4228748361302688,-0.430038852305834,-1.0360884606365686,-1.1213522735663062,Cold,Cold,Neutral,Neutral,Cold,Neutral,Cold,Cold
2008-08-01,-1.6690833985410647,-1.6690833985410647,-0.4214492483400292,0.2560129198342441,-1.7998785462994722,-0.6859889677542025,-1.0360884606365686,-0.5251876102025586,Very Cold,Very Cold,Neutral,Neutral,Very Cold,Cold,Cold,Cold
2008-09-01,-4.407162619698086,-4.407162619698086,-0.584841251573382,0.2560129198342441,-1.226832906842283,-1.1011969328148894,-1.0360884606365686,-0.0993557077998817,Very Cold,Very Cold,Cold,Neutral,Cold,Cold,Cold,Neutral
2008-10-01,0.8546266309239484,0.8546266309239484,-0.598457251842828,0.4804626029765954,-4.1674618461620705,-2.261504122847494,-2.5069428806281904,0.27172637857959386,Hot,Hot,Cold,Neutral,Very Cold,Very Cold,Very Cold,Neutral
2008-11-01,-1.405993936009963,-1.405993936009963,-0.8843932575011955,0.6487998653333586,-1.0257642614187077,-2.4662642152061887,-2.5069428806281904,0.28997631725399425,Cold,Cold,Cold,Hot,Cold,Very Cold,Very Cold,Neutral
2008-12-01,-2.887090169518388,-2.887090169518388,-0.8299292564234111,0.9293619692612974,-3.931206187789369,-1.5505315799353587,-2.5069428806281904,-0.5312709230940253,Very Cold,Very Cold,Cold,Hot,Very Cold,Very Cold,Very Cold,Cold
2009-01-01,-2.555792327812556,-2.555792327812556,-0.9116252580400874,1.2099240731892362,-5.228098950771429,0.6563271932639083,-1.5677225883443835,-0.7076869969465629,Very Cold,Very Cold,Cold,Hot,Very Cold,Hot,Very Cold,Cold
2009-02-01,-0.7141660900948434,-0.7141660900948434,-0.9116252580400874,1.4904861771171756,0.6028917665122512,-0.4698533147089135,-1.5677225883443835,-0.8415198805588328,Cold,Cold,Cold,Hot,Hot,Neutral,Very Cold,Cold
2009-03-01,-1.6495952902054276,-1.6495952902054276,-0.9797052593873178,1.714935860259526,-1.533462591113235,-1.220640320024128,-1.5677225883443835,-0.28793840743535287,Very Cold,Very Cold,Cold,Very Hot,Very Cold,Cold,Very Cold,Neutral
2009-04-01,-0.889559065115578,-0.889559065115578,-0.8299292564234111,1.8832731226162895,-1.3173137972828919,0.07048581790430906,-0.7259685528070096,-0.0020227015364127116,Cold,Cold,Cold,Very Hot,Cold,Neutral,Cold,Neutral
2009-05-01,-1.0941842026397683,-1.0941842026397683,-0.5031452499567056,2.107722805758641,1.010055773494991,0.2468070085465185,-0.7259685528070096,0.654975090742003,Cold,Cold,Cold,Very Hot,Hot,Neutral,Cold,Hot
2009-06-01,-0.4413325733959232,-0.4413325733959232,-0.612073252112274,2.1638352265442284,0.9547618960035077,0.6847660949803938,-0.7259685528070096,-1.1821854024809741,Neutral,Neutral,Cold,Very Hot,Hot,Hot,Cold,Cold
2009-07-01,1.030019605944683,1.030019605944683,-0.4895292496872595,2.1638352265442284,0.8492008571561307,0.019295794814635333,-0.2563584066651061,-0.37310478791588825,Hot,Hot,Neutral,Very Hot,Hot,Neutral,Neutral,Neutral
2009-08-01,0.9520671726021344,0.9520671726021344,-0.3397532467233529,2.219947647329816,-0.35721101538532024,0.781458360816444,-0.2563584066651061,-0.251438530086552,Hot,Hot,Neutral,Very Hot,Neutral,Hot,Neutral,Neutral
2009-09-01,0.7084658184066697,0.7084658184066697,-0.366985247262245,2.332172488900992,1.9852387037993307,-1.6642871868013003,-0.2563584066651061,0.010143924246520906,Hot,Hot,Neutral,Very Hot,Very Hot,Very Cold,Neutral,Neutral
2009-10-01,0.09459040583409892,0.09459040583409892,-0.3261372464539068,2.4443973304721673,-0.030474466572010608,0.3946892974722427,0.3904631153794025,-0.3305215976756206,Neutral,Neutral,Neutral,Very Hot,Neutral,Neutral,Neutral,Neutral
2009-11-01,0.26998338085483337,0.26998338085483337,-0.13551324268166193,2.38828490968658,0.00471254637711504,0.2354314478599244,0.3904631153794025,0.010143924246520906,Neutral,Neutral,Neutral,Very Hot,Neutral,Neutral,Neutral,Neutral
2009-12-01,0.20177500168010334,0.20177500168010334,-0.3942172478011371,2.38828490968658,0.6581856440037344,0.013608014471338248,0.3904631153794025,0.11964355629292352,Neutral,Neutral,Neutral,Very Hot,Hot,Neutral,Neutral,Neutral
2010-01-01,0.9228350100986786,0.9228350100986786,-0.13551324268166193,2.332172488900992,0.9497351798679184,-0.16271317617087122,-0.1411710123284128,0.11964355629292352,Hot,Hot,Neutral,Very Hot,Hot,Neutral,Neutral,Neutral
2010-02-01,0.21151905584792188,0.21151905584792188,-0.23082524456778436,2.332172488900992,0.5777581858343043,-0.14564983514097996,-0.1411710123284128,-0.1419388980401494,Neutral,Neutral,Neutral,Very Hot,Hot,Neutral,Neutral,Neutral
2010-03-01,0.5525609517215723,0.5525609517215723,0.027878760551690824,2.38828490968658,2.2365745105787997,1.0146573548916245,-0.1411710123284128,0.08314367894412265,Hot,Hot,Neutral,Very Hot,Very Hot,Hot,Neutral,Neutral
2010-04-01,0.22126311001574048,0.22126311001574048,0.13680676270725933,2.38828490968658,-1.4731419974861626,0.2468070085465185,0.29299685863296965,0.3690593848430628,Neutral,Neutral,Neutral,Very Hot,Cold,Neutral,Neutral,Neutral
2010-05-01,1.2054125809654175,1.2054125809654175,0.40912676809618065,2.219947647329816,2.0606394458331714,-0.7144278694706879,0.29299685863296965,0.3386428203857288,Hot,Hot,Neutral,Very Hot,Very Hot,Cold,Neutral,Neutral
2010-06-01,0.08484635166628032,0.08484635166628032,-0.2716732453761226,2.107722805758641,0.009739262512704424,-0.2821565633801099,0.29299685863296965,-0.08110576912548127,Neutral,Neutral,Neutral,Very Hot,Neutral,Neutral,Neutral,Neutral
2010-07-01,0.24075121835137767,0.24075121835137767,-0.23082524456778436,2.107722805758641,-1.055924558232244,-0.043269788961632534,0.11578548273036458,-0.008106014427879529,Neutral,Neutral,Neutral,Very Hot,Cold,Neutral,Neutral,Neutral
2010-08-01,0.23100716418355907,0.23100716418355907,-0.13551324268166193,2.1638352265442284,0.7939069796646476,0.030671355501229503,0.11578548273036458,0.08314367894412265,Neutral,Neutral,Neutral,Very Hot,Hot,Neutral,Neutral,Neutral
2010-09-01,0.14331067667319186,0.14331067667319186,-0.21720924429833827,2.1638352265442284,0.6732657924105026,0.26387034957640976,0.11578548273036458,-0.10543902069134853,Neutral,Neutral,Neutral,Very Hot,Hot,Neutral,Neutral,Neutral
2010-10-01,-0.3926123025568303,-0.3926123025568303,0.15042276297670537,2.107722805758641,-1.825012126977419,0.42881597953202505,-0.0968681683527615,-0.0932723949084149,Neutral,Neutral,Neutral,Very Hot,Very Cold,Neutral,Neutral,Neutral
2010-11-01,-0.06131446085099842,-0.06131446085099842,0.0006467600127987112,2.332172488900992,2.849833879120704,0.29230925129289514,-0.0968681683527615,-0.06285583045108084,Neutral,Neutral,Neutral,Very Hot,Very Hot,Neutral,Neutral,Neutral
2010-12-01,0.8448825767561299,0.8448825767561299,-0.053817241064985546,2.051610384973053,0.507384159936053,0.17286586408365645,-0.0968681683527615,0.23522650123079294,Hot,Hot,Neutral,Very Hot,Hot,Neutral,Neutral,Neutral
2011-01-01,-0.34389203171773736,-0.34389203171773736,-0.12189724241221586,1.9393855434018772,-0.4979590671818229,0.15580252305376527,-0.7791319655777911,0.654975090742003,Neutral,Neutral,Neutral,Very Hot,Neutral,Neutral,Cold,Hot
2011-02-01,-0.5290290609062904,-0.5290290609062904,0.09595876189892116,1.8832731226162895,-0.8347490482663114,0.25818256923311267,-0.7791319655777911,0.03447717581238814,Cold,Cold,Neutral,Very Hot,Cold,Neutral,Cold,Neutral
2011-03-01,0.8838587934274043,0.8838587934274043,0.09595876189892116,1.8832731226162895,1.6132617097657165,0.28662147094959806,-0.7791319655777911,-0.2818550945438861,Hot,Hot,Neutral,Very Hot,Very Hot,Neutral,Cold,Neutral
2011-04-01,-0.4510766275637418,-0.4510766275637418,0.1912707637850436,1.9393855434018772,-0.9855505323339928,0.08754915893420032,0.036040363574192325,-0.23927190430361842,Neutral,Neutral,Neutral,Very Hot,Cold,Neutral,Neutral,Neutral
2011-05-01,-0.012594190011905511,-0.012594190011905511,-0.02658524052609342,1.8832731226162895,0.9597886121390972,-0.27078100269351574,0.036040363574192325,-0.2027720269548175,Neutral,Neutral,Neutral,Very Hot,Hot,Neutral,Neutral,Neutral
2011-06-01,0.162798785008829,0.162798785008829,0.09595876189892116,1.9393855434018772,-0.20640953131763892,0.2468070085465185,0.036040363574192325,0.13181018207585715,Neutral,Neutral,Neutral,Very Hot,Neutral,Neutral,Neutral,Neutral
2011-07-01,0.32844770586174493,0.32844770586174493,-0.06743324133443161,1.8832731226162895,0.46717043085133797,-0.24802988132032738,-0.5841994520849255,0.11964355629292352,Neutral,Neutral,Neutral,Very Hot,Neutral,Neutral,Cold,Neutral
2011-08-01,0.49409662671466087,0.49409662671466087,0.0006467600127987112,1.8832731226162895,-0.2516499765379433,-0.16271317617087122,-0.5841994520849255,-0.17235546249748346,Neutral,Neutral,Neutral,Very Hot,Neutral,Neutral,Cold,Neutral
2011-09-01,-0.20747527336827717,-0.20747527336827717,0.09595876189892116,1.8832731226162895,0.28118193383453094,0.40606485815883686,-0.5841994520849255,-0.22102196562921794,Neutral,Neutral,Neutral,Very Hot,Neutral,Neutral,Cold,Neutral
2011-10-01,0.5525609517215723,0.5525609517215723,0.08234276162947508,1.7710482810451145,0.8894145862408458,0.09892471962079442,0.42590539055992355,-0.12368895936574896,Hot,Hot,Neutral,Very Hot,Hot,Neutral,Neutral,Neutral
2011-11-01,-0.1392668941935471,-0.1392668941935471,0.0006467600127987112,1.6588234394739383,-0.5080124994530018,-0.043269788961632534,0.42590539055992355,-0.20885533984628432,Neutral,Neutral,Neutral,Very Hot,Cold,Neutral,Neutral,Neutral
2011-12-01,0.38691203086865644,0.38691203086865644,0.068726761360029,1.6027110186883509,1.3418190384438902,-0.1399620547976829,0.42590539055992355,0.4055592621918637,Neutral,Neutral,Neutral,Very Hot,Hot,Neutral,Neutral,Neutral
2012-01-01,0.4551204100433865,0.4551204100433865,0.23211876459338182,1.4904861771171756,-0.895069641893384,0.29799703163619223,0.1778094642962763,0.02231055002945454,Neutral,Neutral,Neutral,Hot,Cold,Neutral,Neutral,Neutral
2012-02-01,0.18228689334446616,0.18228689334446616,0.13680676270725933,1.4904861771171756,0.4420368501733911,0.47431822227840176,0.1778094642962763,0.16831005942465802,Neutral,Neutral,Neutral,Hot,Neutral,Neutral,Neutral,Neutral
2012-03-01,-0.6362136567522948,-0.6362136567522948,0.1095747621683672,1.434373756331587,-0.2315431119955858,-0.026206447931741313,0.1778094642962763,0.04056048870385496,Cold,Cold,Neutral,Hot,Neutral,Neutral,Neutral,Neutral
2012-04-01,0.5623050058893909,0.5623050058893909,-0.053817241064985546,1.434373756331587,-0.8850162096222052,-0.45847775402231933,-0.16775271871380357,0.08314367894412265,Hot,Hot,Neutral,Hot,Cold,Neutral,Neutral,Neutral
2012-05-01,0.07510229749846174,0.07510229749846174,-0.02658524052609342,1.434373756331587,-0.2566766926735327,-0.3276588061264865,-0.16775271871380357,-0.15410552382308304,Neutral,Neutral,Neutral,Hot,Neutral,Neutral,Neutral,Neutral
2012-06-01,-0.11003473169009134,-0.11003473169009134,-0.053817241064985546,1.434373756331587,-1.1866191777575679,-0.7314912105005792,-0.16775271871380357,-0.16627214960601663,Neutral,Neutral,Neutral,Hot,Cold,Cold,Neutral,Neutral
2012-07-01,0.06535824333064318,0.06535824333064318,0.014262760282244767,1.434373756331587,-0.895069641893384,0.03635913584452659,-0.4424303513628414,-0.5312709230940253,Neutral,Neutral,Neutral,Hot,Cold,Neutral,Neutral,Cold
2012-08-01,-0.5290290609062904,-0.5290290609062904,0.0414947608211369,1.3782613355459996,-1.1866191777575679,0.4800060026216988,-0.4424303513628414,-0.2757717816524192,Cold,Cold,Neutral,Hot,Cold,Neutral,Neutral,Neutral
2012-09-01,-0.17824311086482145,-0.17824311086482145,0.0414947608211369,1.2099240731892362,0.5425711728851786,0.2297436675166273,-0.4424303513628414,0.3143095688198615,Neutral,Neutral,Neutral,Hot,Hot,Neutral,Neutral,Neutral
2012-10-01,0.18228689334446616,0.18228689334446616,0.014262760282244767,1.2099240731892362,0.9597886121390972,-0.25371766166362447,-0.46015148895310193,0.265643065688127,Neutral,Neutral,Neutral,Hot,Hot,Neutral,Neutral,Neutral
2012-11-01,0.2504952725191963,0.2504952725191963,0.027878760551690824,1.1538116524036488,-0.020421034300831854,0.0932369392774974,-0.46015148895310193,0.6853916551993371,Neutral,Neutral,Neutral,Hot,Neutral,Neutral,Neutral,Hot
2012-12-01,0.1530547308410104,0.1530547308410104,0.1095747621683672,1.2660364939748243,-0.46277205423269724,-0.026206447931741313,-0.46015148895310193,1.3667226990436199,Neutral,Neutral,Neutral,Hot,Neutral,Neutral,Neutral,Hot
2013-01-01,-0.14901094836136566,-0.14901094836136566,0.05511076109058297,1.322148914760412,1.6585021549860208,0.2468070085465185,0.31071799622323015,-3.1775120308820886,Neutral,Neutral,Neutral,Hot,Very Hot,Neutral,Neutral,Very Cold
2013-02-01,0.3381917600295635,0.3381917600295635,0.15042276297670537,1.1538116524036488,-0.895069641893384,0.43450375987532214,0.31071799622323015,-0.26360515586948563,Neutral,Neutral,Neutral,Hot,Cold,Neutral,Neutral,Neutral
2013-03-01,0.26998338085483337,0.26998338085483337,0.014262760282244767,1.041586810832473,-1.201699326164336,-0.6291111643212317,0.31071799622323015,0.07097705316118902,Neutral,Neutral,Neutral,Hot,Cold,Cold,Neutral,Neutral
2013-04-01,-0.22696338170391434,-0.22696338170391434,0.05511076109058297,1.0976992316180607,1.1105900962067785,-0.503979996768696,-0.32724295702614814,0.10747693050998988,Neutral,Neutral,Neutral,Hot,Hot,Cold,Neutral,Neutral
2013-05-01,-0.04182635251536126,-0.04182635251536126,0.08234276162947508,1.041586810832473,0.1504873143092071,0.12167584099398276,-0.32724295702614814,0.15006012075025757,Neutral,Neutral,Neutral,Hot,Neutral,Neutral,Neutral,Neutral
2013-06-01,0.05561418916282458,0.05561418916282458,0.05511076109058297,1.041586810832473,-0.050581331114368126,-0.04895756930492962,-0.32724295702614814,-0.1419388980401494,Neutral,Neutral,Neutral,Hot,Neutral,Neutral,Neutral,Neutral
2013-07-01,-0.4510766275637418,-0.4510766275637418,-0.02658524052609342,0.9293619692612974,-0.9855505323339928,0.10461249996409151,0.1866700330914066,-0.2696884687609524,Neutral,Neutral,Neutral,Hot,Cold,Neutral,Neutral,Neutral
2013-08-01,0.4551204100433865,0.4551204100433865,0.12319076243781327,0.8732495484757099,-0.41753160901239283,-0.30490768475329827,0.1866700330914066,-0.038522578885213585,Neutral,Neutral,Neutral,Hot,Neutral,Neutral,Neutral,Neutral
2013-09-01,0.38691203086865644,0.38691203086865644,0.0414947608211369,0.8732495484757099,0.15551403044479647,-0.17408873685746537,0.1866700330914066,0.10747693050998988,Neutral,Neutral,Neutral,Hot,Neutral,Neutral,Neutral,Neutral
2013-10-01,-0.24645149003955147,-0.24645149003955147,0.08234276162947508,0.8732495484757099,0.16054074658038586,-0.03758200861833545,0.2043911706816671,-0.34877153635002106,Neutral,Neutral,Neutral,Hot,Neutral,Neutral,Neutral,Neutral
2013-11-01,0.11407851416973608,0.11407851416973608,0.13680676270725933,0.7049122861189466,0.7637466828511114,-0.06602091033482084,0.2043911706816671,0.016227237137987724,Neutral,Neutral,Neutral,Hot,Hot,Neutral,Neutral,Neutral
2013-12-01,0.08484635166628032,0.08484635166628032,-0.08104924160387766,0.592687444547771,-1.0860848550457805,0.08754915893420032,0.2043911706816671,-0.0020227015364127116,Neutral,Neutral,Neutral,Hot,Cold,Neutral,Neutral,Neutral
2014-01-01,-0.49979689840283464,-0.49979689840283464,0.05511076109058297,0.5365750237621829,0.7637466828511114,-0.6689256267243113,-0.8765982223242239,0.16831005942465802,Neutral,Neutral,Neutral,Hot,Hot,Cold,Cold,Neutral
2014-02-01,0.6110252767284838,0.6110252767284838,0.014262760282244767,0.592687444547771,-0.055608047249957514,0.49138156330829297,-0.8765982223242239,0.1987266238819921,Hot,Hot,Neutral,Hot,Neutral,Neutral,Cold,Neutral
2014-03-01,0.8351385225883112,0.8351385225883112,0.13680676270725933,0.592687444547771,0.5425711728851786,0.3890015171289456,-0.8765982223242239,0.17439337231612484,Hot,Hot,Neutral,Hot,Hot,Neutral,Cold,Neutral
2014-04-01,-0.05157040668317984,-0.05157040668317984,0.1776547635155975,0.31212534061983216,-0.5080124994530018,0.35487483506916306,0.5765350600771378,0.04056048870385496,Neutral,Neutral,Neutral,Neutral,Cold,Neutral,Hot,Neutral
2014-05-01,0.2602393266870149,0.2602393266870149,0.08234276162947508,0.36823776140541975,-0.055608047249957514,-0.12858649411108872,0.5765350600771378,0.02839386292092136,Neutral,Neutral,Neutral,Neutral,Neutral,Neutral,Hot,Neutral
2014-06-01,0.19203094751228475,0.19203094751228475,0.1912707637850436,0.2560129198342441,1.125670244613547,-0.08308425136471209,0.5765350600771378,0.08314367894412265,Neutral,Neutral,Neutral,Neutral,Hot,Neutral,Hot,Neutral
2014-07-01,0.07510229749846174,0.07510229749846174,0.08234276162947508,0.31212534061983216,-1.0458711259610654,-0.12289871376779166,0.514511078511226,0.02231055002945454,Neutral,Neutral,Neutral,Neutral,Cold,Neutral,Hot,Neutral
2014-08-01,-0.28542770671082585,-0.28542770671082585,0.05511076109058297,0.2560129198342441,0.5023574438004637,0.21268032648673604,0.514511078511226,0.16831005942465802,Neutral,Neutral,Neutral,Neutral,Hot,Neutral,Hot,Neutral
2014-09-01,0.162798785008829,0.162798785008829,0.15042276297670537,0.14378807826306897,0.47219714698692733,-0.3845366095594573,0.514511078511226,0.07097705316118902,Neutral,Neutral,Neutral,Neutral,Neutral,Neutral,Hot,Neutral
2014-10-01,-0.11003473169009134,-0.11003473169009134,0.09595876189892116,0.03156323669189332,-1.41282140385909,0.0022324537847441105,-0.11458930594302204,0.16831005942465802,Neutral,Neutral,Neutral,Neutral,Cold,Neutral,Neutral,Neutral
2014-11-01,0.4746085183790237,0.4746085183790237,0.15042276297670537,0.08767565747748089,-1.1112184357237271,-0.06602091033482084,-0.11458930594302204,0.20480993677345885,Neutral,Neutral,Neutral,Neutral,Cold,Neutral,Neutral,Neutral
2014-12-01,-0.11003473169009134,-0.11003473169009134,0.13680676270725933,-0.024549184093694748,0.2208613402074584,-0.6177356036346375,-0.11458930594302204,0.2778096914710606,Neutral,Neutral,Neutral,Neutral,Neutral,Cold,Neutral,Neutral
2015-01-01,-0.8993031192833966,-0.8993031192833966,0.068726761360029,0.03156323669189332,-1.1866191777575679,-0.4755410950522106,0.23097287706705788,0.3933926364089301,Cold,Cold,Neutral,Neutral,Cold,Neutral,Neutral,Neutral
2015-02-01,-0.7531423067661178,-0.7531423067661178,0.1095747621683672,-0.08066160487928233,-0.5733598092156637,-0.367473268529566,0.23097287706705788,0.07706036605265583,Cold,Cold,Neutral,Neutral,Cold,Neutral,Neutral,Neutral
2015-03-01,-0.4608206817315604,-0.4608206817315604,-0.040201240795539474,-0.1367740256648699,0.23091477247863712,0.6449516325773141,0.23097287706705788,-0.251438530086552,Neutral,Neutral,Neutral,Neutral,Neutral,Hot,Neutral,Neutral
2015-04-01,-0.6654458192557506,-0.6654458192557506,0.12319076243781327,-0.1367740256648699,-0.3823445960632672,-0.11721093342449457,-0.01712304919658925,0.04056048870385496,Cold,Cold,Neutral,Neutral,Neutral,Neutral,Neutral,Neutral
2015-05-01,-0.5680052775775648,-0.5680052775775648,0.1912707637850436,-0.024549184093694748,-0.7040544287409874,0.21836810683003313,-0.01712304919658925,-0.014189327319346346,Cold,Cold,Neutral,Neutral,Cold,Neutral,Neutral,Neutral
2015-06-01,-0.4315885192281046,-0.4315885192281046,0.027878760551690824,-0.19288644645045797,0.7888802635290583,-0.2139031992605449,-0.01712304919658925,-0.11760564647428214,Neutral,Neutral,Neutral,Neutral,Hot,Neutral,Neutral,Neutral
2015-07-01,0.4843525725468423,0.4843525725468423,0.13680676270725933,-0.24899886723604553,-0.6135735383003786,0.29230925129289514,-0.2120555626894548,-0.0446058917766804,Neutral,Neutral,Neutral,Neutral,Cold,Neutral,Neutral,Neutral
2015-08-01,-0.29517176087864444,-0.29517176087864444,-0.012969240256647363,-0.3051112880216336,-0.09582177633467255,-0.23665432063373326,-0.2120555626894548,-0.020272640210813146,Neutral,Neutral,Neutral,Neutral,Neutral,Neutral,Neutral,Neutral
2015-09-01,-0.40235635672464887,-0.40235635672464887,0.014262760282244767,-0.36122370880722116,-0.1561423699617451,-0.4812288753955077,-0.2120555626894548,0.02231055002945454,Neutral,Neutral,Neutral,Neutral,Neutral,Neutral,Neutral,Neutral
2015-10-01,-0.5874933859132019,-0.5874933859132019,0.15042276297670537,-0.36122370880722116,-0.4677987703682866,-0.3788488292161602,-0.4069880761823204,0.004060611355054089,Cold,Cold,Neutral,Neutral,Neutral,Neutral,Neutral,Neutral
2015-11-01,-0.8310947401086665,-0.8310947401086665,0.08234276162947508,-0.3051112880216336,-0.4275850412835716,-0.014830887245147143,-0.4069880761823204,-0.15410552382308304,Cold,Cold,Neutral,Neutral,Neutral,Neutral,Neutral,Neutral
2015-12-01,-0.6069814942488391,-0.6069814942488391,0.12319076243781327,-0.36122370880722116,-0.7040544287409874,0.013608014471338248,-0.4069880761823204,0.1135602434014567,Cold,Cold,Neutral,Neutral,Cold,Neutral,Neutral,Neutral
2016-01-01,0.3576798683652007,0.3576798683652007,-0.012969240256647363,-0.47344855037839684,0.6229986310546087,-0.5722333608882609,-0.0525653243771103,-0.06285583045108084,Neutral,Neutral,Neutral,Neutral,Hot,Cold,Neutral,Neutral
2016-02-01,-0.6362136567522948,-0.6362136567522948,0.05511076109058297,-0.41733612959280875,-0.724161293283345,0.2468070085465185,-0.0525653243771103,-0.10543902069134853,Cold,Cold,Neutral,Neutral,Cold,Neutral,Neutral,Neutral
2016-03-01,-0.8798150109477594,-0.8798150109477594,0.1095747621683672,-0.36122370880722116,-0.6336804028427362,-0.3845366095594573,-0.0525653243771103,-0.14802221093161622,Cold,Cold,Neutral,Neutral,Cold,Neutral,Neutral,Neutral
2016-04-01,0.18228689334446616,0.18228689334446616,0.0414947608211369,-0.3051112880216336,0.37668954041072916,0.08186137859090323,-0.2829401130504969,-0.2331885914121516,Neutral,Neutral,Neutral,Neutral,Neutral,Neutral,Neutral,Neutral
2016-05-01,-0.35363608588555595,-0.35363608588555595,-0.09466524187332373,-0.47344855037839684,-0.5683330930800742,-0.06602091033482084,-0.2829401130504969,-0.17235546249748346,Neutral,Neutral,Neutral,Neutral,Cold,Neutral,Neutral,Neutral
2016-06-01,0.3479358141973821,0.3479358141973821,0.09595876189892116,-0.41733612959280875,-0.43261175741916097,0.3833137367856485,-0.2829401130504969,-0.08110576912548127,Neutral,Neutral,Neutral,Neutral,Neutral,Neutral,Neutral,Neutral
2016-07-01,-0.012594190011905511,-0.012594190011905511,0.21850276432393573,-0.47344855037839684,0.40684983722426543,-0.2821565633801099,0.06262206995958301,0.11964355629292352,Neutral,Neutral,Neutral,Neutral,Neutral,Neutral,Neutral,Neutral
2016-08-01,-0.22696338170391434,-0.22696338170391434,0.0006467600127987112,-0.41733612959280875,-0.07571491179231503,-0.20821541891724787,0.06262206995958301,-0.07502245623401446,Neutral,Neutral,Neutral,Neutral,Neutral,Neutral,Neutral,Neutral
2016-09-01,-0.21721932753609577,-0.21721932753609577,0.15042276297670537,-0.36122370880722116,-0.4225583251479822,0.1671780837403594,0.06262206995958301,0.004060611355054089,Neutral,Neutral,Neutral,Neutral,Neutral,Neutral,Neutral,Neutral
2016-10-01,-0.06131446085099842,-0.06131446085099842,-0.040201240795539474,-0.41733612959280875,0.2661017854277628,-0.12858649411108872,-0.07914703076250099,-0.038522578885213585,Neutral,Neutral,Neutral,Neutral,Neutral,Neutral,Neutral,Neutral
2016-11-01,-0.49979689840283464,-0.49979689840283464,-0.02658524052609342,-0.5295609711639844,0.08514000454654513,-0.219590979603842,-0.07914703076250099,0.02231055002945454,Neutral,Neutral,Neutral,Cold,Neutral,Neutral,Neutral,Neutral
2016-12-01,0.5623050058893909,0.5623050058893909,0.068726761360029,-0.5295609711639844,0.0398995593262407,0.4515671009052134,-0.07914703076250099,0.03447717581238814,Hot,Hot,Neutral,Cold,Neutral,Neutral,Neutral,Neutral
2017-01-01,-0.35363608588555595,-0.35363608588555595,0.068726761360029,-0.5295609711639844,0.4822505792581061,0.40606485815883686,-0.13231044353328256,0.04056048870385496,Neutral,Neutral,Neutral,Cold,Neutral,Neutral,Neutral,Neutral
2017-02-01,-0.49979689840283464,-0.49979689840283464,0.068726761360029,-0.5856733919495725,0.00471254637711504,-0.24234210097703032,-0.13231044353328256,0.03447717581238814,Neutral,Neutral,Neutral,Cold,Neutral,Neutral,Neutral,Neutral
2017-03-01,0.4746085183790237,0.4746085183790237,-0.02658524052609342,-0.6978982335207476,0.3817162565463185,-0.2992199044100012,-0.13231044353328256,0.08314367894412265,Neutral,Neutral,Neutral,Cold,Neutral,Neutral,Neutral,Neutral
2017-04-01,0.8448825767561299,0.8448825767561299,0.05511076109058297,-0.6978982335207476,-0.3320774347073734,-0.026206447931741313,-0.07028646196737072,-0.03243926599374678,Hot,Hot,Neutral,Cold,Neutral,Neutral,Neutral,Neutral
2017-05-01,-0.04182635251536126,-0.04182635251536126,0.05511076109058297,-0.6978982335207476,0.18064761112274333,-0.5324188984851814,-0.07028646196737072,0.24130981412225977,Neutral,Neutral,Neutral,Cold,Neutral,Cold,Neutral,Neutral
2017-06-01,0.07510229749846174,0.07510229749846174,0.05511076109058297,-0.7540106543063356,-0.4929323510462335,0.06479803756101198,-0.07028646196737072,-0.08110576912548127,Neutral,Neutral,Neutral,Cold,Neutral,Neutral,Neutral,Neutral
2017-07-01,-0.3731241942211931,-0.3731241942211931,0.0414947608211369,-0.7540106543063356,0.5174375922072317,-0.23096654029043617,0.1335066203206251,0.06489374026972222,Neutral,Neutral,Neutral,Cold,Hot,Neutral,Neutral,Neutral
2017-08-01,-0.5680052775775648,-0.5680052775775648,0.0006467600127987112,-0.6978982335207476,0.2258880563430478,-0.11152315308119749,0.1335066203206251,-0.03243926599374678,Cold,Cold,Neutral,Cold,Neutral,Neutral,Neutral,Neutral
2017-09-01,-0.012594190011905511,-0.012594190011905511,-0.053817241064985546,-0.7540106543063356,0.6028917665122512,0.9577795514586536,0.1335066203206251,0.02231055002945454,Neutral,Neutral,Neutral,Cold,Hot,Hot,Neutral,Neutral
2017-10-01,1.078739876783776,1.078739876783776,0.0006467600127987112,-0.8101230750919233,0.7386131021731644,-0.17977651720076243,0.43476595935505363,0.1013936176185231,Hot,Hot,Neutral,Cold,Hot,Neutral,Neutral,Neutral
2017-11-01,0.12382256833755467,0.12382256833755467,0.068726761360029,-0.8101230750919233,0.0398995593262407,0.35487483506916306,0.43476595935505363,0.010143924246520906,Neutral,Neutral,Neutral,Cold,Neutral,Neutral,Neutral,Neutral
2017-12-01,0.09459040583409892,0.09459040583409892,0.0006467600127987112,-0.8662354958775113,0.30128879837688843,0.08754915893420032,0.43476595935505363,-0.014189327319346346,Neutral,Neutral,Neutral,Cold,Neutral,Neutral,Neutral,Neutral
2018-01-01,-0.1295228400257285,-0.1295228400257285,-0.012969240256647363,-0.9223479166630989,-0.14106222155497697,-0.4812288753955077,0.15122775791088564,-0.07502245623401446,Neutral,Neutral,Neutral,Cold,Neutral,Neutral,Neutral,Neutral
2018-02-01,0.10433446000191748,0.10433446000191748,0.23211876459338182,-0.8662354958775113,0.8843878701052564,0.08186137859090323,0.15122775791088564,-0.05068920466814722,Neutral,Neutral,Neutral,Cold,Hot,Neutral,Neutral,Neutral
2018-03-01,0.30895959752610774,0.30895959752610774,0.068726761360029,-0.9223479166630989,-0.10084849247026192,-0.2139031992605449,0.15122775791088564,0.02231055002945454,Neutral,Neutral,Neutral,Cold,Neutral,Neutral,Neutral,Neutral
2018-04-01,0.98129933510559,0.98129933510559,0.0006467600127987112,-0.9223479166630989,0.6732657924105026,-0.219590979603842,-0.0968681683527615,-0.07502245623401446,Hot,Hot,Neutral,Cold,Hot,Neutral,Neutral,Neutral
2018-05-01,-1.0454639318006753,-1.0454639318006753,0.15042276297670537,-1.0345727582342745,0.46717043085133797,0.6904538753236908,-0.0968681683527615,0.016227237137987724,Cold,Cold,Neutral,Cold,Neutral,Hot,Neutral,Neutral
2018-06-01,0.6694896017353953,0.6694896017353953,0.068726761360029,-0.9223479166630989,0.08011328841095575,-0.4243510719625369,-0.0968681683527615,0.1013936176185231,Hot,Hot,Neutral,Cold,Neutral,Neutral,Neutral,Neutral
2018-07-01,-0.0028501358440869195,-0.0028501358440869195,-0.08104924160387766,-1.0345727582342745,0.20578119180069024,0.11030028030738859,-0.01712304919658925,0.13789349496732398,Neutral,Neutral,Neutral,Cold,Neutral,Neutral,Neutral,Neutral
2018-08-01,0.5330728433859352,0.5330728433859352,0.09595876189892116,-1.0345727582342745,-0.6789208480630406,-0.1911520778873566,-0.01712304919658925,0.07706036605265583,Hot,Hot,Neutral,Cold,Cold,Neutral,Neutral,Neutral
2018-09-01,-0.09054662335445417,-0.09054662335445417,-0.06743324133443161,-1.0906851790198622,-0.14608893769056636,-0.4471021933357252,-0.01712304919658925,-0.16627214960601663,Neutral,Neutral,Neutral,Cold,Neutral,Neutral,Neutral,Neutral
2018-10-01,-0.29517176087864444,-0.29517176087864444,0.014262760282244767,-1.0345727582342745,0.31636894678365657,0.3434992743825689,-0.4424303513628414,-0.05068920466814722,Neutral,Neutral,Neutral,Cold,Neutral,Neutral,Neutral,Neutral
2018-11-01,-0.05157040668317984,-0.05157040668317984,-0.053817241064985546,-1.0345727582342745,-0.9453368032492777,0.05342247687441781,-0.4424303513628414,-0.008106014427879529,Neutral,Neutral,Neutral,Cold,Cold,Neutral,Neutral,Neutral
2018-12-01,-0.10029067752227276,-0.10029067752227276,0.0414947608211369,-0.9784603374486867,0.20578119180069024,-1.3343959268900696,-0.4424303513628414,0.5576420844785339,Neutral,Neutral,Neutral,Cold,Neutral,Cold,Neutral,Hot
2019-01-01,-0.772630415101755,-0.772630415101755,0.09595876189892116,-0.9223479166630989,-0.36223773152090966,-0.07170869067811793,-0.01712304919658925,0.1135602434014567,Cold,Cold,Neutral,Cold,Neutral,Neutral,Neutral,Neutral
2019-02-01,-0.6362136567522948,-0.6362136567522948,-0.13551324268166193,-1.0345727582342745,0.17562089498715394,-0.07170869067811793,-0.01712304919658925,-0.0020227015364127116,Cold,Cold,Neutral,Cold,Neutral,Neutral,Neutral,Neutral
2019-03-01,-0.11977878585790994,-0.11977878585790994,0.068726761360029,-1.0345727582342745,-0.44266518969033974,0.6449516325773141,-0.01712304919658925,-0.03243926599374678,Neutral,Neutral,Neutral,Cold,Neutral,Hot,Neutral,Neutral
2019-04-01,-0.6654458192557506,-0.6654458192557506,0.13680676270725933,-1.0906851790198622,0.15551403044479647,-0.219590979603842,0.1778094642962763,-0.17843877538895025,Cold,Cold,Neutral,Cold,Neutral,Neutral,Neutral,Neutral
2019-05-01,0.006893918323731673,0.006893918323731673,-0.1082812421427698,-1.1467975998054498,-0.31699728630060525,0.3890015171289456,0.1778094642962763,-0.11760564647428214,Neutral,Neutral,Neutral,Cold,Neutral,Neutral,Neutral,Neutral
2019-06-01,-0.012594190011905511,-0.012594190011905511,0.05511076109058297,-1.1467975998054498,0.13540716590243893,-0.16840095651416828,0.1778094642962763,-0.0446058917766804,Neutral,Neutral,Neutral,Cold,Neutral,Neutral,Neutral,Neutral
2019-07-01,-0.6362136567522948,-0.6362136567522948,-0.053817241064985546,-1.0906851790198622,-0.6889742803342194,0.20699254614343898,0.47020823453557464,-0.16018883671454984,Cold,Cold,Neutral,Cold,Cold,Neutral,Neutral,Neutral
2019-08-01,0.6110252767284838,0.6110252767284838,0.08234276162947508,-1.1467975998054498,-0.1762492345041026,0.16149030339706236,0.47020823453557464,0.12572686918439033,Hot,Hot,Neutral,Cold,Neutral,Neutral,Neutral,Neutral
2019-09-01,-0.4315885192281046,-0.4315885192281046,0.0414947608211369,-1.2029100205910377,-0.46277205423269724,-0.5892967019181522,0.47020823453557464,-0.03243926599374678,Neutral,Neutral,Neutral,Cold,Neutral,Cold,Neutral,Neutral
2019-10-01,-0.957767444290308,-0.957767444290308,-0.053817241064985546,-1.1467975998054498,-0.367264447656499,-0.07170869067811793,0.036040363574192325,-0.020272640210813146,Cold,Cold,Neutral,Cold,Neutral,Neutral,Neutral,Neutral
2019-11-01,0.40640013920429363,0.40640013920429363,0.05511076109058297,-1.1467975998054498,-0.2566766926735327,0.17286586408365645,0.036040363574192325,0.07097705316118902,Neutral,Neutral,Neutral,Cold,Neutral,Neutral,Neutral,Neutral
2019-12-01,-0.3244039233821002,-0.3244039233821002,-0.02658524052609342,-1.1467975998054498,-0.9252299387069203,-0.043269788961632534,0.036040363574192325,-0.42177129104762273,Neutral,Neutral,Neutral,Cold,Cold,Neutral,Neutral,Neutral
2020-01-01,-0.7044220359270249,-0.7044220359270249,0.08234276162947508,-1.1467975998054498,-0.4929323510462335,-0.30490768475329827,-1.7980973770177704,0.4968089555638659,Cold,Cold,Neutral,Cold,Neutral,Neutral,Very Cold,Neutral
2020-02-01,0.19203094751228475,0.19203094751228475,0.09595876189892116,-1.2029100205910377,-0.16619580223292388,-0.20252763857395079,-1.7980973770177704,0.12572686918439033,Neutral,Neutral,Neutral,Cold,Neutral,Neutral,Very Cold,Neutral
2020-03-01,-4.027144507153162,-4.027144507153162,-1.3881852674706998,-0.6978982335207476,-1.6892907913165058,-5.412534433034075,-1.7980973770177704,-1.0361858930857708,Very Cold,Very Cold,Cold,Cold,Very Cold,Very Cold,Very Cold,Cold
2020-04-01,-13.030650558217534,-13.030650558217534,-18.61242560831997,5.137793528180381,-4.936549414907245,-8.398619113265042,-7.575188231442696,7.267536203766427,Very Cold,Very Cold,Very Cold,Very Hot,Very Cold,Very Cold,Very Cold,Very Hot
2020-05-01,1.4002936643217891,1.4002936643217891,2.6013028114769963,4.239994795610976,1.7841700583757554,10.75782508295952,-7.575188231442696,-2.7516801284794115,Hot,Hot,Very Hot,Very Hot,Very Hot,Very Hot,Very Cold,Very Cold
2020-06-01,6.282064802398899,6.282064802398899,4.602854851085568,3.005521538328045,2.427589723731196,4.478515583959545,-7.575188231442696,-0.18452208828041708,Very Hot,Very Hot,Very Hot,Very Hot,Very Hot,Very Hot,Very Cold,Neutral
2020-07-01,3.407568822892417,3.407568822892417,1.430326788304635,2.5566221720433426,1.5428876838674652,0.6847660949803938,6.371347052092323,0.4298925137577309,Very Hot,Very Hot,Hot,Very Hot,Very Hot,Hot,Very Hot,Neutral
2020-08-01,0.815650414252674,0.815650414252674,1.389478787496297,1.5465985979027632,0.3817162565463185,0.2524947888898156,6.371347052092323,-2.1494321522241973,Hot,Hot,Hot,Very Hot,Neutral,Neutral,Very Hot,Very Cold
2020-09-01,-0.16849905669700285,-0.16849905669700285,0.7903747756406704,1.2099240731892362,1.4272732127489094,0.9065895283689798,6.371347052092323,0.2534764399051934,Neutral,Neutral,Hot,Hot,Hot,Hot,Very Hot,Neutral
2020-10-01,0.5135847350502981,0.5135847350502981,0.5316707705211952,0.7049122861189466,0.547597889020768,-0.4527899736790223,0.3904631153794025,-0.1906054011718839,Hot,Hot,Hot,Hot,Hot,Neutral,Neutral,Neutral
2020-11-01,0.29921554335828915,0.29921554335828915,0.12319076243781327,0.592687444547771,0.35155595973278225,-0.7713056729036587,0.3904631153794025,-0.6772704324892289,Neutral,Neutral,Neutral,Hot,Neutral,Cold,Neutral,Cold
2020-12-01,1.1274601476228687,1.1274601476228687,-0.3125212461844607,0.592687444547771,1.482567090240393,0.26387034957640976,0.3904631153794025,0.06489374026972222,Hot,Hot,Neutral,Hot,Hot,Neutral,Neutral,Neutral
2021-01-01,0.4746085183790237,0.4746085183790237,0.21850276432393573,0.4243501821910078,0.7687733989867007,1.9588288918789394,0.65628017923331,5.862290925837593,Neutral,Neutral,Neutral,Neutral,Hot,Very Hot,Hot,Very Hot
2021-02-01,-3.393780986244954,-3.393780986244954,0.35466276701839633,0.31212534061983216,0.40182312108867607,-1.6813505278311915,0.65628017923331,-4.594923934593856,Very Cold,Very Cold,Neutral,Neutral,Neutral,Very Cold,Hot,Very Cold
2021-03-01,2.6085563811312933,2.6085563811312933,0.6405987726767636,0.2560129198342441,0.46214371471574855,5.900460669783816,0.65628017923331,12.128103204048411,Very Hot,Very Hot,Hot,Neutral,Neutral,Very Hot,Hot,Very Hot
2021-04-01,0.006893918323731673,0.006893918323731673,0.20488676405448966,0.2560129198342441,1.0050290573594016,0.280933690606301,0.8246309863407849,-8.311828111280079,Neutral,Neutral,Neutral,Neutral,Hot,Neutral,Hot,Very Cold
2021-05-01,0.7182098725744883,0.7182098725744883,0.2593507651322739,0.08767565747748089,-0.11592864087703007,-0.5665455805449638,0.8246309863407849,-1.6019339919921844,Hot,Hot,Neutral,Neutral,Neutral,Cold,Hot,Very Cold
2021-06-01,0.32844770586174493,0.32844770586174493,0.6133667721378716,0.14378807826306897,0.46717043085133797,0.4003770778155398,0.8246309863407849,-0.3366049105670874,Neutral,Neutral,Hot,Neutral,Neutral,Neutral,Hot,Neutral
2021-07-01,0.27972743502265196,0.27972743502265196,0.7359107745628861,-0.1367740256648699,0.426956701766623,-1.1694502969344542,0.1866700330914066,0.22914318833932612,Neutral,Neutral,Hot,Neutral,Neutral,Cold,Neutral,Neutral
2021-08-01,-0.15875500252918426,-0.15875500252918426,0.31381476621005816,-0.3051112880216336,0.5224643083428211,0.12736362133727985,0.1866700330914066,-0.23927190430361842,Neutral,Neutral,Neutral,Neutral,Hot,Neutral,Neutral,Neutral
2021-09-01,-1.1526485276466798,-1.1526485276466798,0.3001987659406121,-0.5295609711639844,0.21080790793627963,0.16149030339706236,0.1866700330914066,-0.6894370582721625,Cold,Cold,Neutral,Cold,Neutral,Neutral,Neutral,Cold
2021-10-01,1.2054125809654175,1.2054125809654175,0.6542147729462097,-0.64178581273516,0.09519343681772387,0.6051371701742345,1.0284240686287807,-0.056772517559614016,Hot,Hot,Hot,Cold,Neutral,Hot,Hot,Neutral
2021-11-01,0.7571860892457627,0.7571860892457627,0.44997476890451876,-0.8101230750919233,0.4319834179022124,0.35487483506916306,1.0284240686287807,-0.251438530086552,Hot,Hot,Neutral,Cold,Neutral,Neutral,Hot,Neutral
2021-12-01,-0.1977312192004586,-0.1977312192004586,0.39551076782673456,-0.9784603374486867,1.140750393020315,-0.6746134070676084,1.0284240686287807,-0.32443828478415376,Neutral,Neutral,Neutral,Cold,Hot,Cold,Hot,Neutral
2022-01-01,-0.11003473169009134,-0.11003473169009134,0.068726761360029,-0.9223479166630989,0.0398995593262407,0.8383361642494149,-0.7968531031680516,-0.4339379168305564,Neutral,Neutral,Neutral,Cold,Neutral,Hot,Cold,Neutral
2022-02-01,0.4746085183790237,0.4746085183790237,0.6542147729462097,-1.0345727582342745,-0.08576834406349379,0.36625039575575724,-0.7968531031680516,-0.10543902069134853,Neutral,Neutral,Hot,Cold,Neutral,Neutral,Cold,Neutral
2022-03-01,0.6597455475675769,0.6597455475675769,0.28658276567116603,-1.0906851790198622,0.3364758113260141,0.929340649742168,-0.7968531031680516,-0.39135472659028864,Hot,Hot,Neutral,Cold,Neutral,Hot,Cold,Neutral
2022-04-01,0.08484635166628032,0.08484635166628032,0.13680676270725933,-1.0906851790198622,0.1153003013600814,0.5766982684577491,-0.5044543329287533,-0.10543902069134853,Neutral,Neutral,Neutral,Cold,Neutral,Hot,Cold,Neutral
2022-05-01,-0.071058515018817,-0.071058515018817,0.08234276162947508,-1.1467975998054498,0.07005985613977697,-0.25371766166362447,-0.5044543329287533,-0.2453552171950852,Neutral,Neutral,Neutral,Cold,Neutral,Neutral,Cold,Neutral
2022-06-01,-0.26593959837518866,-0.26593959837518866,0.27296676540171994,-1.1467975998054498,-0.14608893769056636,0.3150603726660835,-0.5044543329287533,-0.4096046652646891,Neutral,Neutral,Neutral,Cold,Neutral,Neutral,Cold,Neutral
2022-07-01,0.08484635166628032,0.08484635166628032,0.490822769712857,-1.2029100205910377,-0.09079506019908316,-0.78836901393355,0.02717979477906206,0.4177258879747973,Neutral,Neutral,Neutral,Cold,Neutral,Cold,Neutral,Neutral
2022-08-01,-0.012594190011905511,-0.012594190011905511,0.068726761360029,-1.1467975998054498,-0.3069438540294265,0.12167584099398276,0.02717979477906206,0.06489374026972222,Neutral,Neutral,Neutral,Cold,Neutral,Neutral,Neutral,Neutral
2022-09-01,0.21151905584792188,0.21151905584792188,0.068726761360029,-1.2029100205910377,-0.18630266677528137,-0.3731610488728631,0.02717979477906206,0.010143924246520906,Neutral,Neutral,Neutral,Cold,Neutral,Neutral,Neutral,Neutral
2022-10-01,-0.21721932753609577,-0.21721932753609577,0.21850276432393573,-1.1467975998054498,0.06000642386859821,0.36056261541246015,0.16894889550114606,-0.008106014427879529,Neutral,Neutral,Neutral,Cold,Neutral,Neutral,Neutral,Neutral
2022-11-01,-0.4510766275637418,-0.4510766275637418,0.12319076243781327,-1.1467975998054498,-0.3823445960632672,-1.010192447322136,0.16894889550114606,-0.15410552382308304,Neutral,Neutral,Neutral,Cold,Neutral,Cold,Neutral,Neutral
2022-12-01,-1.3377855568352328,-1.3377855568352328,-0.02658524052609342,-1.2029100205910377,-0.06566147952113627,-0.8907490601128973,0.16894889550114606,-0.020272640210813146,Cold,Cold,Neutral,Cold,Neutral,Cold,Neutral,Neutral
2023-01-01,0.747442035077944,0.747442035077944,0.2593507651322739,-1.2029100205910377,-0.36223773152090966,2.260281250073685,0.04490093236932249,-0.08718908201694808,Hot,Hot,Neutral,Cold,Neutral,Very Hot,Neutral,Neutral
2023-02-01,-0.08080256918663559,-0.08080256918663559,0.13680676270725933,-1.1467975998054498,-0.7090811448765769,-0.9021246207994915,0.04490093236932249,-0.0020227015364127116,Neutral,Neutral,Neutral,Cold,Cold,Cold,Neutral,Neutral
2023-03-01,-0.11977878585790994,-0.11977878585790994,-0.06743324133443161,-1.2029100205910377,0.733586386037575,-0.8224956959933325,0.04490093236932249,0.1013936176185231,Neutral,Neutral,Neutral,Cold,Hot,Cold,Neutral,Neutral
2023-04-01,0.2602393266870149,0.2602393266870149,0.05511076109058297,-1.2590224413766256,-1.0056573968763503,0.2411192282032214,-0.02598361799171951,-0.11760564647428214,Neutral,Neutral,Neutral,Cold,Cold,Neutral,Neutral,Neutral
2023-05-01,-0.3633801400533745,-0.3633801400533745,0.068726761360029,-1.1467975998054498,-0.9654436677916353,0.06479803756101198,-0.02598361799171951,0.04664380159532178,Neutral,Neutral,Neutral,Cold,Cold,Neutral,Neutral,Neutral
2023-06-01,-0.6946779817592063,-0.6946779817592063,0.09595876189892116,-1.1467975998054498,1.1306969607491362,0.047734696531120724,-0.02598361799171951,-0.0993557077998817,Cold,Cold,Neutral,Cold,Hot,Neutral,Neutral,Neutral
2023-07-01,0.5330728433859352,0.5330728433859352,-0.012969240256647363,-1.2029100205910377,0.26107506929217345,-0.11721093342449457,0.38160254658427223,-0.08110576912548127,Hot,Hot,Neutral,Cold,Neutral,Neutral,Neutral,Neutral
2023-08-01,-0.11003473169009134,-0.11003473169009134,0.0006467600127987112,-1.0906851790198622,-0.3220240024361946,0.3036848119794893,0.38160254658427223,-0.056772517559614016,Neutral,Neutral,Neutral,Cold,Neutral,Neutral,Neutral,Neutral
2023-09-01,0.07510229749846174,0.07510229749846174,0.0006467600127987112,-1.0345727582342745,0.019792694783883194,0.16149030339706236,0.38160254658427223,-0.08718908201694808,Neutral,Neutral,Neutral,Cold,Neutral,Neutral,Neutral,Neutral
2023-10-01,-0.8213506859408479,-0.8213506859408479,0.027878760551690824,-0.9784603374486867,-0.24159654426676455,-0.4926044360821018,0.1335066203206251,0.02839386292092136,Cold,Cold,Neutral,Cold,Neutral,Neutral,Neutral,Neutral
2023-11-01,0.162798785008829,0.162798785008829,-0.012969240256647363,-1.0906851790198622,-0.1310087892837982,-0.2935321240667041,0.1335066203206251,0.12572686918439033,Neutral,Neutral,Neutral,Cold,Neutral,Neutral,Neutral,Neutral
2023-12-01,-0.3731241942211931,-0.3731241942211931,0.09595876189892116,-1.0345727582342745,0.1153003013600814,-0.14564983514097996,0.1335066203206251,-0.0020227015364127116,Neutral,Neutral,Neutral,Cold,Neutral,Neutral,Neutral,Neutral
2024-01-01,-1.22085690682141,-1.22085690682141,-0.02658524052609342,-1.0906851790198622,-0.5633063769444848,-0.7087400891273908,-0.2120555626894548,0.42380920086626417,Cold,Cold,Neutral,Cold,Cold,Cold,Neutral,Neutral
2024-02-01,1.0689958226159573,1.0689958226159573,0.05511076109058297,-0.9784603374486867,-0.0807416279279044,0.17855364442695354,-0.2120555626894548,-0.06893914334254765,Hot,Hot,Neutral,Cold,Neutral,Neutral,Neutral,Neutral
2024-03-01,-0.3244039233821002,-0.3244039233821002,0.08234276162947508,-0.9784603374486867,-0.17122251836851324,-0.031894228275038364,-0.2120555626894548,0.010143924246520906,Neutral,Neutral,Neutral,Cold,Neutral,Neutral,Neutral,Neutral
2024-04-01,-0.28542770671082585,-0.28542770671082585,-0.040201240795539474,-0.9784603374486867,0.1957277595295115,-0.23096654029043617,0.0892037763449738,-0.20885533984628432,Neutral,Neutral,Neutral,Cold,Neutral,Neutral,Neutral,Neutral
2024-05-01,0.4648644642112051,0.4648644642112051,0.027878760551690824,-0.9223479166630989,-0.17122251836851324,0.2013047658001419,0.0892037763449738,0.04664380159532178,Neutral,Neutral,Neutral,Cold,Neutral,Neutral,Neutral,Neutral
2024-06-01,0.13356662250537327,0.13356662250537327,-0.053817241064985546,-0.8662354958775113,0.0901667206821345,-0.25371766166362447,0.0892037763449738,-0.10543902069134853,Neutral,Neutral,Neutral,Cold,Neutral,Neutral,Neutral,Neutral
2024-07-01,-0.8213506859408479,-0.8213506859408479,-0.053817241064985546,-0.8101230750919233,-0.3220240024361946,0.3036848119794893,0.10692491393523432,-0.13585558514868257,Cold,Cold,Neutral,Cold,Neutral,Neutral,Neutral,Neutral
2024-08-01,0.3479358141973821,0.3479358141973821,-0.08104924160387766,-0.8101230750919233,0.17059417885156455,-0.3390343668130807,0.10692491393523432,-0.13585558514868257,Neutral,Neutral,Neutral,Cold,Neutral,Neutral,Neutral,Neutral
2024-09-01,-0.5290290609062904,-0.5290290609062904,0.068726761360029,-0.8662354958775113,0.4219299856310336,0.2297436675166273,0.10692491393523432,-0.05068920466814722,Cold,Cold,Neutral,Cold,Neutral,Neutral,Neutral,Neutral
2024-10-01,-0.49005284423501605,-0.49005284423501605,-0.09466524187332373,-0.8662354958775113,-0.21143624745322828,0.13873918202387403,-0.02598361799171951,0.11964355629292352,Neutral,Neutral,Neutral,Cold,Neutral,Neutral,Neutral,Neutral
2024-11-01,-0.3828682483890117,-0.3828682483890117,0.08234276162947508,-0.8101230750919233,-0.2968904217582477,0.13873918202387403,-0.02598361799171951,0.004060611355054089,Neutral,Neutral,Neutral,Cold,Neutral,Neutral,Neutral,Neutral
2024-12-01,0.91309095593086,0.91309095593086,0.13680676270725933,-0.8662354958775113,-0.010367602029653098,0.21268032648673604,-0.02598361799171951,-0.07502245623401446,Hot,Hot,Neutral,Cold,Neutral,Neutral,Neutral,Neutral
2025-01-01,-0.28542770671082585,-0.28542770671082585,-0.040201240795539474,-0.9223479166630989,0.014765978648293808,-0.7144278694706879,-0.6816657088313584,-0.0446058917766804,Neutral,Neutral,Neutral,Cold,Neutral,Cold,Cold,Neutral
2025-02-01,0.8059063600848555,0.8059063600848555,-0.053817241064985546,-0.8662354958775113,0.09519343681772387,-0.20252763857395079,-0.6816657088313584,0.03447717581238814,Hot,Hot,Neutral,Cold,Neutral,Neutral,Cold,Neutral
2025-03-01,-0.34389203171773736,-0.34389203171773736,-0.02658524052609342,-0.8101230750919233,-0.22651639585999642,0.639263852234017,-0.6816657088313584,0.24130981412225977,Neutral,Neutral,Neutral,Cold,Neutral,Hot,Cold,Neutral
2025-04-01,-0.10029067752227276,-0.10029067752227276,0.0006467600127987112,-0.8101230750919233,-0.11090192474144069,-0.287844343723407,0.08034320754984353,0.2473931270137266,Neutral,Neutral,Neutral,Cold,Neutral,Neutral,Neutral,Neutral
2025-05-01,-0.05157040668317984,-0.05157040668317984,-0.12189724241221586,-0.8101230750919233,0.20578119180069024,-0.6746134070676084,0.08034320754984353,-0.4826044199622909,Neutral,Neutral,Neutral,Cold,Neutral,Cold,Neutral,Neutral
2025-06-01,0.21151905584792188,0.21151905584792188,-0.12189724241221586,-0.8662354958775113,-0.020421034300831854,0.28662147094959806,0.08034320754984353,-0.1419388980401494,Neutral,Neutral,Neutral,Cold,Neutral,Neutral,Neutral,Neutral
2025-07-01,-0.24645149003955147,-0.24645149003955147,-0.06743324133443161,-0.8101230750919233,-0.020421034300831854,0.06479803756101198,0.08034320754984353,-0.1419388980401494,Neutral,Neutral,Neutral,Cold,Neutral,Neutral,Neutral,Neutral
