Date,M2 MoM %,NFCI (Financial Conditions Index),10Y Treasury Yield MoM %,3-Month T-Bill Rate (%),10Y 3M Treasury Spread,M2 MoM %_Label,NFCI (Financial Conditions Index)_Label,10Y Treasury Yield MoM %_Label,3-Month T-Bill Rate (%)_Label,10Y 3M Treasury Spread_Label
1971-01-01,0.11796478202861814,0.6300471517599456,0.09202241218946304,0.008409905097980886,0.199013631643208,Neutral,Hot,Neutral,Neutral,Neutral
1971-02-01,0.6044276874171332,0.80030330462232,0.05044925642793529,-0.21145422656282098,0.6669193426179274,Hot,Hot,Neutral,Neutral,Hot
1971-03-01,0.9295511367471457,0.9705594574846942,-0.08066608097380622,-0.3065306078215462,0.5978840737855915,Hot,Hot,Neutral,Neutral,Hot
1971-04-01,1.2326737511600898,1.2609964241322738,-0.03909292521227847,-0.16391603593345852,0.32941358388206415,Hot,Hot,Neutral,Neutral,Neutral
1971-05-01,1.4306812654137064,1.431252576994648,0.13999143806814876,-0.08072420233207411,0.5441899758048862,Hot,Hot,Neutral,Neutral,Hot
1971-06-01,1.5186846050819804,1.1508306781625022,0.18156459382967652,0.10051514944237072,0.17600187536576276,Very Hot,Hot,Neutral,Neutral,Neutral
1971-07-01,1.609132481963262,1.020634796561863,0.24872123005983704,0.2936390488741562,-0.16150388337010033,Very Hot,Hot,Neutral,Neutral,Neutral
1971-08-01,1.5797980354071708,1.7216895436422277,0.20075220418115103,0.15696675081473888,0.07628426483016676,Very Hot,Very Hot,Neutral,Neutral,Neutral
1971-09-01,1.5749089609811555,2.182382663152182,0.06004306160367227,0.08268832795635987,-0.06945685826031955,Very Hot,Very Hot,Neutral,Neutral,Neutral
1971-10-01,1.5749089609811555,1.801810086165698,-0.0071135746264879875,0.014352178926651077,-0.0541156874086894,Very Hot,Very Hot,Neutral,Neutral,Neutral
1971-11-01,1.609132481963262,1.3811772379174792,-0.04548879532943674,-0.056955107017392814,0.03793133770109154,Very Hot,Hot,Neutral,Neutral,Neutral
1971-12-01,1.5944652586852166,1.3210868310248765,-0.0071135746264879875,-0.11934898221843115,0.29106065675298876,Very Hot,Hot,Neutral,Neutral,Neutral
1972-01-01,1.5993543331112317,1.1107704069007671,-0.0007177045093297197,-0.3065306078215462,0.7896487094309683,Very Hot,Hot,Neutral,Neutral,Hot
1972-02-01,1.5529081260640871,0.7201827620988497,0.04085545125219803,-0.36001107227957896,1.0274368576312356,Very Hot,Hot,Neutral,Neutral,Hot
1972-03-01,1.4673493236088204,0.4097156598204024,0.03765751619361903,-0.20254081581981556,0.6132252446372217,Hot,Neutral,Neutral,Neutral,Hot
1972-04-01,1.2937871814852802,0.2094143035117268,0.0760327368965678,-0.2084830896484859,0.7206134405986327,Hot,Neutral,Neutral,Neutral,Hot
1972-05-01,1.1324477254267775,0.03915815064935252,0.05684512654509327,-0.2144253634771562,0.6899310988953725,Hot,Neutral,Neutral,Neutral,Hot
1972-06-01,1.1104468905097091,0.0992485575419552,0.05044925642793529,-0.14906035136178264,0.5058370486758109,Hot,Neutral,Neutral,Neutral,Hot
1972-07-01,1.198450230177983,0.29954991385063084,0.05044925642793529,-0.12826239296143657,0.45214295069510524,Hot,Neutral,Neutral,Neutral,Neutral
1972-08-01,1.2913426442722724,0.22944443914259438,0.08242860701372577,-0.11637784530409606,0.4981664632499957,Hot,Neutral,Neutral,Neutral,Neutral
1972-09-01,1.3524560745974628,-0.04096239187411774,0.1911583990054138,0.07377491721335432,0.26804890047554353,Hot,Neutral,Neutral,Neutral,Neutral
1972-10-01,1.420903116561676,-0.1711582734747569,0.16877285359536054,0.09754401252803561,0.15299011908831753,Hot,Neutral,Neutral,Neutral,Neutral
1972-11-01,1.420903116561676,-0.2312486803673596,0.10481415242377928,0.10942856018537626,-0.031103931131244163,Hot,Neutral,Neutral,Neutral,Neutral
1972-12-01,1.4893501585258888,-0.27130895162909474,0.1303976328924118,0.19559153070109592,-0.19218622507336064,Hot,Neutral,Neutral,Neutral,Neutral
1973-01-01,1.477127472460851,0.029143082833918733,0.16237698347820229,0.2966101857884913,-0.37628027529292235,Hot,Neutral,Neutral,Neutral,Neutral
1973-02-01,1.3011207931243027,0.660092355206247,0.21993981453262526,0.3530617871608592,-0.3839508607187374,Hot,Hot,Neutral,Neutral,Neutral
1973-03-01,1.0493334601845188,1.1808758816088034,0.2423253599426788,0.49864749596328206,-0.7061154486029704,Hot,Hot,Neutral,Neutral,Cold
1973-04-01,1.015109939202412,1.2209361528705387,0.22953361970836253,0.5491568235069797,-0.867197742545087,Hot,Hot,Neutral,Hot,Cold
1973-05-01,1.0688897578885797,1.1308005425316345,0.2870964507627855,0.5788681926503315,-0.8058330591385663,Hot,Hot,Neutral,Hot,Cold
1973-06-01,1.0493334601845188,1.1708608137933696,0.303086126055681,0.8254725565401497,-1.404138722352142,Hot,Hot,Neutral,Hot,Cold
1973-07-01,0.8024352016707499,1.531403255148986,0.3766386324029993,1.0691057835156328,-1.856703262475231,Hot,Very Hot,Neutral,Hot,Very Cold
1973-08-01,0.5530924059439731,2.0822319849978443,0.4629828789846341,1.2652008198617533,-2.1558560940820186,Hot,Very Hot,Neutral,Hot,Very Cold
1973-09-01,0.24019164267899878,2.3926990872762914,0.36384689216868304,1.152297617117017,-2.102161996101313,Neutral,Very Hot,Neutral,Hot,Very Cold
1973-10-01,0.054406814490420265,2.2825333413065194,0.2679088404113113,0.8343859672831551,-1.511526918313553,Neutral,Very Hot,Neutral,Hot,Very Cold
1973-11-01,0.017738756295305982,2.1122771884441454,0.24872123005983704,1.0156253190576,-2.0254561418431627,Neutral,Very Hot,Neutral,Hot,Very Cold
1973-12-01,-0.05559736009492236,1.9119758321354694,0.25191916511841606,0.9027221163128638,-1.726303310236375,Neutral,Very Hot,Neutral,Hot,Very Cold
1974-01-01,-0.1851578323843259,1.3110717632094426,0.33186754158289256,0.9977984975715888,-1.7799974082170804,Neutral,Hot,Neutral,Hot,Very Cold
1974-02-01,-0.17293514631928766,0.6400622195753795,0.3222737364071553,0.8046745981398036,-1.3044211118165459,Neutral,Hot,Neutral,Hot,Cold
1974-03-01,-0.03359652517785388,0.5699567448673429,0.4022221128716318,1.054250098943957,-1.7569856519396354,Neutral,Hot,Neutral,Hot,Very Cold
1974-04-01,-0.08982088107702886,1.431252576994648,0.49816016462900353,1.1641821647743578,-1.8106797499203406,Neutral,Hot,Neutral,Hot,Very Cold
1974-05-01,-0.2633830232005694,2.9335127493097155,0.520545710039057,1.1344707956310063,-1.6802797976814845,Neutral,Very Hot,Hot,Hot,Very Cold
1974-06-01,-0.3709426605729044,4.435772921624783,0.5077539698047407,1.036423277457946,-1.4578328203328474,Neutral,Very Hot,Hot,Hot,Cold
1974-07-01,-0.3636090489338815,5.11679753307428,0.5940982163863753,0.9324334854562154,-0.982256523932313,Neutral,Very Hot,Hot,Hot,Cold
1974-08-01,-0.3562754372948586,4.866420837688436,0.6676507227336935,1.3513637903774731,-1.8873856041784915,Neutral,Very Hot,Hot,Hot,Very Cold
1974-09-01,-0.2609384859875618,4.205426361869806,0.6676507227336935,1.0839614680873086,-1.197032915855135,Neutral,Very Hot,Hot,Hot,Cold
1974-10-01,-0.20471413008838682,3.5244017504203087,0.6228796319135871,0.905693253227199,-0.8441859862676417,Neutral,Very Hot,Hot,Hot,Cold
1974-11-01,-0.24627126270951621,2.8834374102325464,0.5525250606248475,0.9086643901415341,-1.0206094510613883,Neutral,Very Hot,Hot,Hot,Cold
1974-12-01,-0.3440527512298206,2.5529401723232317,0.472576684160371,0.8135880088828091,-0.9669153530806828,Neutral,Very Hot,Neutral,Hot,Cold
1975-01-01,-0.3513863628688435,2.032156645920675,0.4949622295704245,0.5491568235069797,-0.230539152202436,Neutral,Very Hot,Neutral,Hot,Neutral
1975-02-01,-0.26582756041357714,1.3311018988403103,0.4597849439260548,0.3233504180175077,0.26804890047554353,Neutral,Hot,Neutral,Neutral,Neutral
1975-03-01,-0.13382255091116604,0.8303485080686213,0.568514735917743,0.3203792811031726,0.5365193903790713,Neutral,Hot,Hot,Neutral,Hot
1975-04-01,0.06662950055545828,0.42974579545127,0.728411488846696,0.35603292407519455,0.8280016365600439,Neutral,Neutral,Hot,Neutral,Hot
1975-05-01,0.3721966521814101,0.0491732184647863,0.6740465928508521,0.24312972133045851,0.9890839305021604,Neutral,Neutral,Hot,Neutral,Hot
1975-06-01,0.6973201015114227,-0.1611432056593231,0.6100878916792708,0.2758122273881451,0.7512957823018931,Hot,Neutral,Hot,Neutral,Hot
1975-07-01,0.922217525108123,-0.1711582734747569,0.6740465928508521,0.5105320436206227,0.29873124217880387,Hot,Neutral,Hot,Hot,Neutral
1975-08-01,1.0615561462495566,-0.121082934397588,0.7827763848425401,0.6026372879650128,0.3217429984562491,Hot,Neutral,Hot,Hot,Neutral
1975-09-01,1.1764493952609145,-0.0009021206123826119,0.792370190018277,0.5966950141363423,0.3600959255853243,Hot,Neutral,Hot,Hot,Neutral
1975-10-01,1.1837830068999373,0.11927869317282276,0.6996300733194846,0.460022716076925,0.4904958778241808,Hot,Neutral,Hot,Neutral,Neutral
1975-11-01,1.269341809355204,0.0992485575419552,0.6708486577922731,0.3174081441888375,0.7896487094309683,Hot,Neutral,Hot,Neutral,Hot
1975-12-01,1.4160140421356606,-0.09103773095128664,0.6548589824993776,0.30552359653149685,0.7819781240051534,Hot,Neutral,Hot,Neutral,Hot
1976-01-01,1.5675753493421325,-0.4115199010451676,0.5717126709763221,0.13616879241439267,1.0197662722054206,Very Hot,Neutral,Hot,Neutral,Hot
1976-02-01,1.6995803588445437,-0.6518815286155785,0.5877023462692172,0.13913992932872776,1.050448613908681,Very Hot,Cold,Hot,Neutral,Hot
1976-03-01,1.6262442424543153,-0.7420171389544824,0.568514735917743,0.1747935723007497,0.9123780762440096,Very Hot,Cold,Hot,Neutral,Hot
1976-04-01,1.609132481963262,-0.6919417998773135,0.5141498399218988,0.13319765550005758,0.8893663199665645,Very Hot,Cold,Hot,Neutral,Hot
1976-05-01,1.526018216721003,-0.5417157826458069,0.6228796319135871,0.23421631058745296,0.8893663199665645,Very Hot,Cold,Hot,Neutral,Hot
1976-06-01,1.2326737511600898,-0.4716103079377703,0.6100878916792708,0.2966101857884913,0.6976016843211877,Hot,Neutral,Hot,Neutral,Hot
1976-07-01,1.1104468905097091,-0.5717609860921081,0.6004940865035335,0.24312972133045851,0.8126604657084138,Hot,Cold,Hot,Neutral,Hot
1976-08-01,1.198450230177983,-0.6819267320618798,0.581306476152059,0.21638948910144185,0.8356722219858588,Hot,Cold,Hot,Neutral,Hot
1976-09-01,1.2644527349291885,-0.7219870033236149,0.523743645097636,0.198562667615431,0.7436251968760779,Hot,Cold,Hot,Neutral,Hot
1976-10-01,1.4404594142657368,-0.711971935508181,0.46618081404321304,0.1510244769860684,0.7282840260244481,Hot,Cold,Neutral,Neutral,Hot
1976-11-01,1.5113509934429572,-0.671911664246446,0.4278055933402643,0.10051514944237072,0.7666369531535232,Very Hot,Cold,Neutral,Neutral,Hot
1976-12-01,1.5895761842592009,-0.711971935508181,0.2934923208799438,-0.018330327131035773,0.7512957823018931,Very Hot,Cold,Neutral,Neutral,Hot
1977-01-01,1.6237997052413078,-0.852182884924254,0.4022221128716318,0.06189036955601367,0.8049898802825984,Very Hot,Cold,Neutral,Neutral,Hot
1977-02-01,1.5504635888510792,-0.942318495263158,0.4597849439260548,0.07674605412768942,0.9047074908181947,Very Hot,Cold,Neutral,Neutral,Hot
1977-03-01,1.5480190516380716,-0.902258224001423,0.4821704893361083,0.05594809572734322,1.0120956867796054,Very Hot,Cold,Neutral,Neutral,Hot
1977-04-01,1.521129142294988,-0.7420171389544824,0.4533890738088968,0.038121274241332374,0.9890839305021604,Very Hot,Cold,Neutral,Neutral,Hot
1977-05-01,1.4453484886917518,-0.5717609860921081,0.4821704893361083,0.16290902464340906,0.735954611450263,Hot,Cold,Neutral,Neutral,Hot
1977-06-01,1.5040173818039346,-0.5016555113840717,0.4246076582816853,0.1807358461294199,0.551860561230701,Very Hot,Cold,Neutral,Neutral,Hot
1977-07-01,1.4820165468868662,-0.5116705791995054,0.44059733357458053,0.23124517367311787,0.45981353612092046,Hot,Cold,Neutral,Neutral,Neutral
1977-08-01,1.4013468188576148,-0.5016555113840717,0.4629828789846341,0.3203792811031726,0.2833900713271737,Hot,Cold,Neutral,Neutral,Neutral
1977-09-01,1.3035653303373103,-0.4315500366760352,0.44379526863315955,0.4154556623618975,-0.008092174853798928,Hot,Neutral,Neutral,Neutral,Neutral
1977-10-01,1.1275586510007625,-0.31136922289082986,0.5013580996875825,0.5194454543636282,-0.13849212709265507,Hot,Neutral,Hot,Hot,Neutral
1977-11-01,0.990664567072336,-0.2312486803673596,0.520545710039057,0.5016186328776172,-0.04644510198287432,Hot,Neutral,Hot,Hot,Neutral
1977-12-01,0.8342141854398486,-0.24126374818279336,0.5557229956834268,0.4927052221346119,0.06094309397853677,Hot,Neutral,Hot,Neutral,Neutral
1978-01-01,0.7266545480675138,-0.29133908725996227,0.6420672422650613,0.6026372879650128,-0.015762760279614006,Hot,Neutral,Hot,Hot,Neutral
1978-02-01,0.5628705547960038,-0.25127881599822716,0.6644527876751145,0.6056084248793479,0.03026075227527646,Hot,Neutral,Hot,Hot,Neutral
1978-03-01,0.4577554546366765,-0.0710075953204191,0.6676507227336935,0.5580702342499853,0.1606607045141326,Neutral,Neutral,Hot,Hot,Neutral
1978-04-01,0.37708572660742523,0.18938416788085924,0.7028280083780636,0.5580702342499853,0.24503714419809847,Neutral,Neutral,Hot,Hot,Neutral
1978-05-01,0.37708572660742523,0.43976086326670377,0.7667867095496446,0.5937238772220073,0.3064018276046189,Neutral,Neutral,Hot,Hot,Neutral
1978-06-01,0.3453067428383261,0.6100170161290781,0.8019639951940146,0.6888002584807325,0.14531953366250247,Neutral,Hot,Hot,Hot,Neutral
1978-07-01,0.26463701480907503,0.6000019483136443,0.8595268262484376,0.7719920920821167,0.06861367940435167,Neutral,Hot,Hot,Hot,Neutral
1978-08-01,0.23041349382696832,0.4898362023438727,0.7859743199011191,0.7927900504824629,-0.16150388337010033,Neutral,Neutral,Hot,Hot,Neutral
1978-09-01,0.2621924775960673,0.6500772873908133,0.789172254959698,1.0215675928862702,-0.7444683757320458,Neutral,Hot,Hot,Hot,Cold
1978-10-01,0.24019164267899878,1.3110717632094426,0.8595268262484376,1.0631635096869625,-0.6831036923255251,Neutral,Hot,Hot,Hot,Cold
1978-11-01,0.19618997284486184,1.891945696504602,0.9138917222442816,1.256287409118748,-1.0512917927646486,Neutral,Very Hot,Hot,Hot,Cold
1978-12-01,0.16441098907576288,1.8819306286891682,0.9778504234158626,1.387017433349495,-1.2353858429842104,Neutral,Very Hot,Hot,Hot,Cold
1979-01-01,0.0788521866204963,1.341116966655744,1.006631838943074,1.467238130036544,-1.3734563806488815,Neutral,Hot,Hot,Hot,Cold
1979-02-01,0.0788521866204963,0.7802731689914524,1.006631838943074,1.4583247192935387,-1.3504446243714363,Neutral,Hot,Hot,Hot,Cold
1979-03-01,0.13263200530666394,0.3696553885586673,1.013027709060232,1.5058629099229013,-1.4578328203328474,Neutral,Neutral,Hot,Very Hot,Cold
1979-04-01,0.23530256825298368,0.24947457477346194,1.0322153194117065,1.4999206360942312,-1.3964681369263268,Neutral,Neutral,Hot,Hot,Cold
1979-05-01,0.1839672867798238,0.3696553885586673,1.05460086482176,1.544487689809258,-1.4578328203328474,Neutral,Neutral,Hot,Very Hot,Cold
1979-06-01,0.2621924775960673,0.6801224908371146,0.9458710728300721,1.3810751595208246,-1.2967505263907309,Neutral,Hot,Hot,Hot,Cold
1979-07-01,0.3673075777553946,1.0406649321927306,0.958662813064388,1.4345556239788575,-1.404138722352142,Neutral,Hot,Hot,Hot,Cold
1979-08-01,0.39664202431148615,1.4612977804409493,0.9842462935330205,1.5177474575802417,-1.5575504308684434,Neutral,Hot,Hot,Very Hot,Very Cold
1979-09-01,0.30619414743020423,1.9820813068435061,1.0801843452903925,1.7376115892410435,-1.8950561896043063,Neutral,Very Hot,Hot,Very Hot,Very Cold
1979-10-01,0.27685970087411305,2.3926990872762914,1.3903840459725616,2.1654553049053065,-2.2555737046176145,Neutral,Very Hot,Hot,Very Hot,Very Cold
1979-11-01,0.24508071710501414,2.4227442907225925,1.5023117730228286,2.1921955371343227,-2.0561384835464227,Neutral,Very Hot,Very Hot,Very Hot,Very Cold
1979-12-01,0.24996979153102925,2.032156645920675,1.419165461499773,2.2664739599927017,-2.4473383402629914,Neutral,Very Hot,Hot,Very Hot,Very Cold
1980-01-01,0.30374961021719665,1.7617498149039628,1.5502807989015146,2.2545894123353616,-2.102161996101313,Neutral,Very Hot,Very Hot,Very Hot,Very Cold
1980-02-01,0.39664202431148615,2.212427866598483,2.0651483433327433,2.510107186968185,-1.526868089165183,Neutral,Very Hot,Very Hot,Very Hot,Very Cold
1980-03-01,0.29641599857817397,3.3541455975579346,2.173878135324431,3.205353224922612,-3.0609851743281977,Neutral,Very Hot,Very Hot,Very Hot,Very Cold
1980-04-01,0.06907403776846584,3.935019530853094,1.7645424478263116,2.6111258420555803,-2.508703023669512,Neutral,Very Hot,Very Hot,Very Hot,Very Cold
1980-05-01,0.0935194098985421,3.2539949194035964,1.3520088252696125,1.2384605876327368,0.04560192312690662,Neutral,Very Hot,Hot,Hot,Neutral
1980-06-01,0.14729922858470954,1.9219908999509032,1.2240914229264501,0.7898189135681278,0.8970369053923795,Neutral,Very Hot,Hot,Hot,Hot
1980-07-01,0.2108571961229074,1.020634796561863,1.3743943706796662,1.0839614680873086,0.4981664632499957,Neutral,Hot,Hot,Hot,Neutral
1980-08-01,0.26463701480907503,0.80030330462232,1.6462188506588862,1.4018731179211708,0.32941358388206415,Neutral,Hot,Very Hot,Hot,Neutral
1980-09-01,0.34041766841231097,1.0807252034544659,1.7773341880606275,1.7405827261553788,-0.230539152202436,Neutral,Hot,Very Hot,Very Hot,Neutral
1980-10-01,0.4064201731635164,1.62153886548789,1.8540846294665252,2.1416862095906253,-1.0819741344679088,Neutral,Very Hot,Very Hot,Very Hot,Cold
1980-11-01,0.4895344384057752,2.5228949688769307,2.1514925899143775,2.768596098515344,-1.9871032147140872,Neutral,Very Hot,Very Hot,Very Hot,Very Cold
1980-12-01,0.4161983220155471,3.2039195803264278,2.2026595508516427,3.2915161954383323,-3.214396882844498,Neutral,Very Hot,Very Hot,Very Hot,Very Cold
1981-01-01,0.3721966521814101,3.0136332918331856,2.116315304270008,3.1518727604645793,-3.0609851743281977,Neutral,Very Hot,Very Hot,Very Hot,Very Cold
1981-02-01,0.3526403544773492,2.212427866598483,2.3145872779019094,3.083536611434871,-2.408985413133916,Neutral,Very Hot,Very Hot,Very Hot,Very Cold
1981-03-01,0.5530924059439731,1.7317046114576615,2.292201732491856,2.658664032684943,-1.3657857952230665,Hot,Very Hot,Very Hot,Very Hot,Cold
1981-04-01,0.8782158552739856,1.7817799505348304,2.4712860957722835,2.7567115508580033,-1.18936233042932,Hot,Very Hot,Very Hot,Very Hot,Cold
1981-05-01,0.7779898295406734,2.36265388382999,2.605599368232604,3.53217828549948,-2.869220538682821,Hot,Very Hot,Very Hot,Very Hot,Very Cold
1981-06-01,0.5799823152870571,3.0837387665412224,2.4041294595421236,3.06570978994886,-2.1481855086562036,Hot,Very Hot,Very Hot,Very Hot,Very Cold
1981-07-01,0.4822008267667525,3.47432641134314,2.6631621992870276,3.131074802064233,-1.6956209685331147,Neutral,Very Hot,Very Hot,Very Hot,Very Cold
1981-08-01,0.40153109873750126,3.3541455975579346,2.8742259131532455,3.2974584692670024,-1.6189151142749638,Neutral,Very Hot,Very Hot,Very Hot,Very Cold
1981-09-01,0.37464118939441765,3.0637086309103547,2.995747445379249,3.056796379205854,-0.7061154486029704,Neutral,Very Hot,Very Hot,Very Hot,Cold
1981-10-01,0.435754619719608,2.8033168677090763,2.941382549383406,2.7121444971429756,0.05327250855272169,Neutral,Very Hot,Very Hot,Very Hot,Neutral
1981-11-01,0.4724226779147218,2.502864833246063,2.378545979073491,1.915879804101153,0.758966367727708,Neutral,Very Hot,Very Hot,Very Hot,Hot
1981-12-01,0.7022091759374377,2.172367595336748,2.4840778360066,1.912908667186818,1.0197662722054206,Hot,Very Hot,Very Hot,Very Hot,Hot
1982-01-01,0.8097688133097726,1.932005967766337,2.762298186102978,2.3377812459367457,0.5902134883597766,Hot,Very Hot,Very Hot,Very Hot,Hot
1982-02-01,0.6777638038073617,1.9520361033972047,2.7111312251657127,2.6943176756569653,-0.4529861295510731,Hot,Very Hot,Very Hot,Very Hot,Neutral
1982-03-01,0.5628705547960038,2.0622018493669767,2.5288489268267065,2.456626722510152,-0.2765626647573265,Hot,Very Hot,Very Hot,Very Hot,Neutral
1982-04-01,0.4553109174236689,2.172367595336748,2.5320468618852856,2.462568996338822,-0.28423325018314155,Neutral,Very Hot,Very Hot,Very Hot,Neutral
1982-05-01,0.5457587943049504,2.44277442635346,2.452098485420809,2.281329644564378,-0.008092174853798928,Hot,Very Hot,Very Hot,Very Hot,Neutral
1982-06-01,0.6019831502041256,2.7933017998936425,2.6695580694041854,2.394232847309114,0.22202538792065324,Hot,Very Hot,Very Hot,Very Hot,Neutral
1982-07-01,0.49686805004479834,2.9835880883868846,2.557630342353918,2.061465512903576,0.8126604657084138,Neutral,Very Hot,Very Hot,Very Hot,Hot
1982-08-01,0.5017571244708134,3.193904512510994,2.273014122140382,1.2681719567760883,2.178024671503496,Hot,Very Hot,Very Hot,Hot,Very Hot
1982-09-01,0.5066461988968286,3.4042209366351033,2.0427627979226894,1.0423655512866163,2.2087070132067566,Hot,Very Hot,Very Hot,Hot,Very Hot
1982-10-01,0.42353193365456976,2.7031661895547385,1.585458084545884,0.9799716760855779,1.272895591257318,Neutral,Very Hot,Very Hot,Hot,Hot
1982-11-01,0.40153109873750126,1.4512827126255157,1.4703324224370382,1.0869326050016437,0.7206134405986327,Neutral,Hot,Hot,Hot,Hot
1982-12-01,0.41864285922855465,0.7201827620988497,1.4671344873784586,1.0483078251152866,0.8126604657084138,Neutral,Hot,Hot,Hot,Hot
1983-01-01,0.9344402111731608,0.339610185112366,1.4415510069098265,1.0245387298006055,0.8126604657084138,Hot,Neutral,Hot,Hot,Hot
1983-02-01,1.386679595579569,0.10926362535738898,1.524697318432882,1.0988171526589843,0.8203310511342287,Hot,Neutral,Very Hot,Hot,Hot
1983-03-01,1.452682100330775,0.019128015018484955,1.4575406822027215,1.170124438603028,0.47515470697255063,Hot,Neutral,Hot,Hot,Neutral
1983-04-01,1.369567835088516,-0.05097745968955152,1.4223633965583522,1.1285285218023362,0.4981664632499957,Hot,Neutral,Hot,Hot,Neutral
1983-05-01,1.3891241327925767,-0.1711582734747569,1.4159675264411942,1.1225862479736655,0.4981664632499957,Hot,Neutral,Hot,Hot,Neutral
1983-06-01,1.369567835088516,-0.20120347692105825,1.5662704741944096,1.300854462833775,0.39844885271439984,Hot,Neutral,Very Hot,Hot,Neutral
1983-07-01,1.4380148770527292,-0.13109800221302176,1.7357610322991002,1.387017433349495,0.5825429029339614,Hot,Neutral,Very Hot,Hot,Hot
1983-08-01,1.3549006118104703,-0.09103773095128664,1.8860639800523156,1.464266993122209,0.7436251968760779,Hot,Neutral,Very Hot,Hot,Hot
1983-09-01,1.2815644954202419,-0.10105279876672044,1.8221052788807346,1.3632483380348135,0.8510133928374889,Hot,Neutral,Very Hot,Hot,Hot
1983-10-01,1.3231216280413711,-0.04096239187411774,1.7869279932363646,1.256287409118748,1.0427780284828656,Hot,Neutral,Very Hot,Hot,Hot
1983-11-01,1.2913426442722724,0.059188286280220076,1.8348970191150507,1.2919410520907697,1.065789784760311,Hot,Neutral,Very Hot,Hot,Hot
1983-12-01,1.1153359649357242,0.07921842191108763,1.8796681099351575,1.3632483380348135,0.9890839305021604,Hot,Neutral,Very Hot,Hot,Hot
1984-01-01,0.5555369431569811,-0.04096239187411774,1.8285011489978926,1.333536968891462,0.9430604179472699,Hot,Neutral,Very Hot,Hot,Hot
1984-02-01,0.29886053579118155,-0.18117334129019066,1.8828660449937367,1.38998857026383,0.9277192470956397,Neutral,Neutral,Very Hot,Hot,Hot
1984-03-01,0.26463701480907503,-0.14111307002845555,2.0363669278055316,1.5177474575802417,0.9660721742247149,Neutral,Neutral,Very Hot,Very Hot,Hot
1984-04-01,0.2890823869391509,0.18938416788085924,2.135502914621483,1.5682567851239395,1.073460370186126,Neutral,Neutral,Very Hot,Very Hot,Hot
1984-05-01,0.24996979153102925,0.6801224908371146,2.3849418491906493,1.6098527019246318,1.5643778374382904,Neutral,Hot,Very Hot,Very Hot,Very Hot
1984-06-01,0.2475252543180217,1.1107704069007671,2.4329108750693353,1.6217372495819722,1.6487542771222565,Neutral,Hot,Very Hot,Very Hot,Very Hot
1984-07-01,0.20352358448388472,1.1007553390853333,2.3689521738977537,1.6960156724403512,1.3035779329605783,Neutral,Hot,Very Hot,Very Hot,Hot
1984-08-01,0.16685552628877046,0.7301978299142834,2.164284330148694,1.8000054644420822,0.5441899758048862,Neutral,Hot,Very Hot,Very Hot,Hot
1984-09-01,0.21574627054892276,0.39970059200496866,2.1003256289771124,1.7702940952987303,0.4674841215467354,Neutral,Neutral,Very Hot,Very Hot,Neutral
1984-10-01,0.1839672867798238,0.17936910006542545,1.9851999668682665,1.5831124696956154,0.6745899280437423,Neutral,Neutral,Very Hot,Very Hot,Hot
1984-11-01,0.2817487753001282,-0.04096239187411774,1.796521798412102,1.2473739983757421,1.0888015410377563,Neutral,Neutral,Very Hot,Hot,Hot
1984-12-01,0.42842100808058486,-0.2312486803673596,1.7741362530020486,1.0839614680873086,1.4569896414768795,Neutral,Neutral,Very Hot,Hot,Hot
1985-01-01,0.5433142570919428,-0.3714596297834325,1.7357610322991002,0.9948273606572537,1.5950601791415508,Hot,Neutral,Very Hot,Hot,Very Hot
1985-02-01,0.5433142570919428,-0.3814746975988663,1.7773341880606275,1.1463553432883469,1.3035779329605783,Hot,Neutral,Very Hot,Hot,Hot
1985-03-01,0.4699781407017143,-0.31136922289082986,1.8892619151108945,1.2206337661467257,1.3802837872187288,Neutral,Neutral,Very Hot,Hot,Hot
1985-04-01,0.3721966521814101,-0.3213842907062636,1.7517507075919951,1.051278962029622,1.48767198318014,Neutral,Neutral,Very Hot,Hot,Hot
1985-05-01,0.3795302638204328,-0.4315500366760352,1.5662704741944096,0.9116355270558694,1.4032955434961742,Neutral,Neutral,Very Hot,Hot,Hot
1985-06-01,0.504201661683821,-0.4716103079377703,1.3456129551524545,0.7541652705961058,1.2805661766831329,Hot,Neutral,Hot,Hot,Hot
1985-07-01,0.5873159269260798,-0.3814746975988663,1.3935819810311405,0.7927900504824629,1.295907347534763,Hot,Neutral,Hot,Hot,Hot
1985-08-01,0.6655411177423235,-0.2212336125519258,1.3999778511482985,0.8106168719684738,1.2652250058315029,Hot,Neutral,Hot,Hot,Hot
1985-09-01,0.6337621339732243,-0.15112813784388932,1.4127695913826146,0.7987323243111332,1.3265896892380233,Hot,Neutral,Hot,Hot,Hot
1985-10-01,0.5873159269260798,-0.2312486803673596,1.371196435621087,0.8165591457971442,1.1808485661475372,Hot,Neutral,Hot,Hot,Hot
1985-11-01,0.42842100808058486,-0.3414144263371312,1.2240914229264501,0.8403282411118255,0.7666369531535232,Neutral,Neutral,Hot,Hot,Hot
1985-12-01,0.29152692415215886,-0.31136922289082986,1.057798799880339,0.7987323243111332,0.47515470697255063,Neutral,Neutral,Hot,Hot,Neutral
1986-01-01,0.10329755875057256,-0.27130895162909474,1.0354132544702856,0.7898189135681278,0.44447236526929035,Neutral,Neutral,Hot,Hot,Neutral
1986-02-01,-0.02626291353883098,-0.30135415507539604,0.8787144365999116,0.7868477766537925,0.07628426483016676,Neutral,Neutral,Hot,Hot,Neutral
1986-03-01,0.047073202851397364,-0.3414144263371312,0.5845044112106383,0.6382909309370345,-0.24588032305406618,Neutral,Neutral,Hot,Hot,Neutral
1986-04-01,0.20107904727087694,-0.4015048332297339,0.43100352839884326,0.4897340852202765,-0.230539152202436,Neutral,Neutral,Neutral,Neutral,Neutral
1986-05-01,0.32086137070825005,-0.4916404435686379,0.5621188658005848,0.5164743174492932,0.014919581423646305,Neutral,Neutral,Hot,Hot,Neutral
1986-06-01,0.2719706264480977,-0.4716103079377703,0.5909002813277963,0.534301138935304,0.03793133770109154,Neutral,Neutral,Hot,Hot,Neutral
1986-07-01,0.30619414743020423,-0.4816253757532041,0.43100352839884326,0.421397936190568,-0.0541156874086894,Neutral,Neutral,Neutral,Neutral,Neutral
1986-08-01,0.3501958172643412,-0.581776053907542,0.38943037263731556,0.33226382876051325,0.07628426483016676,Neutral,Cold,Neutral,Neutral,Neutral
1986-09-01,0.42842100808058486,-0.5917911217229757,0.47897255427752927,0.23718744750178805,0.5365193903790713,Neutral,Cold,Neutral,Neutral,Hot
1986-10-01,0.49686805004479834,-0.5517308504612406,0.472576684160371,0.2282740367587825,0.5441899758048862,Neutral,Cold,Neutral,Neutral,Hot
1986-11-01,0.528647033813897,-0.5717609860921081,0.415013853105948,0.2787833643024802,0.2757194859013586,Hot,Cold,Neutral,Neutral,Neutral
1986-12-01,0.6386512083992398,-0.5417157826458069,0.3702427622858413,0.33226382876051325,0.03026075227527646,Hot,Cold,Neutral,Neutral,Neutral
1987-01-01,0.6850974154463844,-0.5016555113840717,0.36064895711010403,0.3025524596171615,0.08395485025598183,Hot,Cold,Neutral,Neutral,Neutral
1987-02-01,0.6068722246301407,-0.4816253757532041,0.415013853105948,0.3500906502465241,0.09162543568179692,Hot,Neutral,Neutral,Neutral,Neutral
1987-03-01,0.45286638021066133,-0.31136922289082986,0.415013853105948,0.3500906502465241,0.09162543568179692,Neutral,Neutral,Neutral,Neutral,Neutral
1987-04-01,0.3306395195602807,0.10926362535738898,0.6612548526165355,0.3649463348181998,0.643907586340482,Neutral,Neutral,Hot,Neutral,Hot
1987-05-01,0.10329755875057256,0.5399115414210416,0.8499330210727001,0.3708886086468703,1.0811309556119413,Neutral,Hot,Hot,Neutral,Hot
1987-06-01,-0.08493180665101374,0.5098663379747402,0.7827763848425401,0.3738597455612054,0.9123780762440096,Neutral,Hot,Hot,Neutral,Hot
1987-07-01,-0.2584939487745542,0.17936910006542545,0.798766060135435,0.37980201938987584,0.9353898325214546,Neutral,Neutral,Hot,Neutral,Hot
1987-08-01,-0.36849812335989685,-0.0009021206123826119,0.8979020469513861,0.4837918113916063,0.9047074908181947,Neutral,Neutral,Hot,Neutral,Hot
1987-09-01,-0.4687241490932088,0.2795197782197633,1.108965760817604,0.5907527403076721,1.1348250535926467,Neutral,Neutral,Hot,Hot,Hot
1987-10-01,-0.5176148933533611,0.890438914961224,1.1409451114033946,0.5105320436206227,1.4186367143478043,Cold,Hot,Hot,Hot,Hot
1987-11-01,-0.6129518446606581,1.1308005425316345,0.9298813975371766,0.37980201938987584,1.2498838349798727,Cold,Hot,Hot,Neutral,Hot
1987-12-01,-0.7938475984232215,0.9405142540383928,0.9714545532987046,0.40357111470455687,1.288236762108948,Cold,Hot,Hot,Neutral,Hot
1988-01-01,-0.7547350030150997,0.5399115414210416,0.8691206314241745,0.4154556623618975,1.0120956867796054,Cold,Hot,Hot,Neutral,Hot
1988-02-01,-0.5836173981045668,0.18938416788085924,0.7220156187295381,0.3708886086468703,0.7743075385793382,Cold,Neutral,Hot,Neutral,Hot
1988-03-01,-0.4589460002411784,0.10926362535738898,0.7731825796668025,0.38277315630421094,0.8663545636891191,Neutral,Neutral,Hot,Neutral,Hot
1988-04-01,-0.41249979319403385,0.19939923569629303,0.88511030671707,0.4451670315052493,0.9737427596505301,Neutral,Neutral,Hot,Neutral,Hot
1988-05-01,-0.3269409907387675,0.24947457477346194,1.003433903884495,0.5491568235069797,0.9890839305021604,Neutral,Neutral,Hot,Hot,Hot
1988-06-01,-0.23404857664447798,0.2695047104043295,0.949069007888651,0.608579561793683,0.7052722697470026,Neutral,Neutral,Hot,Hot,Hot
1988-07-01,-0.1973805184493639,0.37967045637410113,0.9938400987087581,0.6888002584807325,0.6055546592114068,Neutral,Neutral,Hot,Hot,Hot
1988-08-01,-0.2413821882835009,0.4197307276358362,1.057798799880339,0.7868477766537925,0.5058370486758109,Neutral,Neutral,Hot,Hot,Hot
1988-09-01,-0.30249561860869123,0.29954991385063084,0.9682566182401255,0.8403282411118255,0.15299011908831753,Neutral,Neutral,Hot,Hot,Neutral
1988-10-01,-0.36849812335989685,0.19939923569629303,0.9106937871857026,0.8730107471695121,-0.06945685826031955,Neutral,Neutral,Hot,Hot,Neutral
1988-11-01,-0.27805024647861515,0.15933896443455792,0.9618607481229676,0.9948273606572537,-0.2612214939056963,Neutral,Neutral,Hot,Hot,Neutral
1988-12-01,-0.27805024647861515,0.13930882880369036,1.009829774001653,1.0869326050016437,-0.3839508607187374,Neutral,Neutral,Hot,Hot,Neutral
1989-01-01,-0.4369451653241099,0.15933896443455792,1.003433903884495,1.1463553432883469,-0.552703740086669,Neutral,Neutral,Hot,Hot,Cold
1989-02-01,-0.6398417540037418,0.29954991385063084,1.0290173843531276,1.223604903061061,-0.6907742777513403,Cold,Neutral,Hot,Hot,Cold
1989-03-01,-0.7547350030150997,0.6100170161290781,1.0897781504661295,1.3097678735767808,-0.767480132009491,Cold,Hot,Hot,Hot,Cold
1989-04-01,-0.8769618636654802,0.6801224908371146,1.0322153194117065,1.259258546033083,-0.7751507174353061,Cold,Hot,Hot,Hot,Cold
1989-05-01,-0.9600761289077391,0.4497759310821376,0.9298813975371766,1.1938935339177095,-0.8518565716934569,Cold,Neutral,Hot,Hot,Cold
1989-06-01,-0.9307416823516478,0.2795197782197633,0.744401164139591,1.110701700316325,-1.0819741344679088,Cold,Neutral,Hot,Hot,Cold
1989-07-01,-0.8036257472752519,0.2194293713271606,0.6612548526165355,1.0304810036292755,-1.0743035490420938,Cold,Neutral,Hot,Hot,Cold
1989-08-01,-0.6618425889208103,0.2094143035117268,0.6900362681437471,1.036423277457946,-1.0206094510613883,Cold,Neutral,Hot,Hot,Cold
1989-09-01,-0.5542829515484754,0.31958004948149843,0.7156197486123795,0.9918562237429186,-0.8441859862676417,Cold,Neutral,Hot,Hot,Cold
1989-10-01,-0.4491678513891481,0.339610185112366,0.6580569175579566,0.9591737176852317,-0.8978800842483473,Neutral,Neutral,Hot,Hot,Cold
1989-11-01,-0.4198334048330567,0.1693540322499917,0.6132858267378498,0.9740294022569077,-1.0436212073388336,Neutral,Neutral,Hot,Hot,Cold
1989-12-01,-0.3318300651647826,0.029143082833918733,0.6036920215621125,0.9562025807708966,-1.0206094510613883,Neutral,Neutral,Hot,Hot,Cold
1990-01-01,-0.24627126270951621,0.0491732184647863,0.7220156187295381,0.9591737176852317,-0.7444683757320458,Neutral,Neutral,Hot,Hot,Cold
1990-02-01,-0.1484897741892116,0.0491732184647863,0.8051619302525935,0.9888850868285834,-0.6217390089190047,Neutral,Neutral,Hot,Hot,Cold
1990-03-01,-0.12404440205913558,0.0491732184647863,0.843537150955542,1.036423277457946,-0.6524213506222649,Neutral,Neutral,Hot,Hot,Cold
1990-04-01,-0.08493180665101374,0.0992485575419552,0.907495852127123,0.9977984975715888,-0.3992920315703676,Neutral,Neutral,Hot,Hot,Neutral
1990-05-01,-0.14115616255018873,0.03915815064935252,0.8979020469513861,0.9888850868285834,-0.3992920315703676,Neutral,Neutral,Hot,Hot,Neutral
1990-06-01,-0.17537968353229544,-0.121082934397588,0.8083598653111725,0.9859139499142484,-0.6063978380673745,Neutral,Neutral,Hot,Hot,Cold
1990-07-01,-0.29760654418267607,-0.121082934397588,0.8051619302525935,0.9532314438565616,-0.5296919838092238,Neutral,Neutral,Hot,Hot,Cold
1990-08-01,-0.3440527512298206,0.06920335409565385,0.8947041118928071,0.9027221163128638,-0.18451563964754555,Neutral,Neutral,Hot,Hot,Neutral
1990-09-01,-0.39538803270298045,0.29954991385063084,0.9394752027129141,0.8759818840838475,-0.008092174853798928,Neutral,Neutral,Hot,Hot,Neutral
1990-10-01,-0.5371711910574221,0.42974579545127,0.88511030671707,0.8195302827114793,0.007248995997831228,Cold,Neutral,Hot,Hot,Neutral
1990-11-01,-0.6667316633468255,0.4497759310821376,0.7795784497839611,0.7868477766537925,-0.16150388337010033,Cold,Neutral,Hot,Hot,Neutral
1990-12-01,-0.752290465802092,0.49985127015930647,0.68044246296801,0.6917713953950675,-0.15383329794428524,Cold,Neutral,Hot,Hot,Neutral
1991-01-01,-0.7425123169500616,0.45979099889757136,0.683640398026589,0.5372722758496391,0.2527077296239135,Cold,Neutral,Hot,Hot,Neutral
1991-02-01,-0.7131778703939702,0.2094143035117268,0.6068899566206916,0.45408044224825483,0.2833900713271737,Cold,Neutral,Hot,Neutral,Neutral
1991-03-01,-0.6667316633468255,-0.0710075953204191,0.6900362681437471,0.4451670315052493,0.5058370486758109,Cold,Neutral,Hot,Neutral,Hot
1991-04-01,-0.6765098121988561,-0.21121854473649201,0.6676507227336935,0.3679174717325352,0.6515781717662973,Cold,Neutral,Hot,Neutral,Hot
1991-05-01,-0.5885064725305819,-0.25127881599822716,0.677244527909431,0.31146587036016704,0.8203310511342287,Cold,Neutral,Hot,Neutral,Hot
1991-06-01,-0.6251745307256962,-0.25127881599822716,0.744401164139591,0.3441483764178539,0.8970369053923795,Cold,Neutral,Hot,Neutral,Hot
1991-07-01,-0.6789543494118636,-0.36144456196799873,0.741203229081012,0.347119513332189,0.8816957345407492,Cold,Neutral,Hot,Neutral,Hot
1991-08-01,-0.8231820449793127,-0.5116705791995054,0.6228796319135871,0.27284109047381,0.7896487094309683,Cold,Cold,Hot,Neutral,Hot
1991-09-01,-0.9234080707126249,-0.5617459182766744,0.5429312554491106,0.24015858441612314,0.6822605134695575,Cold,Cold,Hot,Neutral,Hot
1991-10-01,-0.9209635334996173,-0.581776053907542,0.5045560347461618,0.17182243538641462,0.7666369531535232,Cold,Cold,Hot,Neutral,Hot
1991-11-01,-0.9062963102215716,-0.6118212573538433,0.46937874910179206,0.04406354807000257,1.0120956867796054,Cold,Cold,Neutral,Neutral,Hot
1991-12-01,-0.9258526079256325,-0.6618965964310122,0.36384689216868304,-0.10152216073242006,1.1348250535926467,Cold,Cold,Neutral,Neutral,Hot
1992-01-01,-0.9820769638248077,-0.671911664246446,0.3446592818172088,-0.1817428574194695,1.295907347534763,Cold,Cold,Neutral,Neutral,Hot
1992-02-01,-0.9698542777597695,-0.6618965964310122,0.44379526863315955,-0.16985830976212885,1.50301315403177,Cold,Cold,Neutral,Neutral,Very Hot
1992-03-01,-1.0725248407060892,-0.671911664246446,0.5077539698047407,-0.1104355714754256,1.50301315403177,Cold,Cold,Hot,Neutral,Very Hot
1992-04-01,-1.182529015291432,-0.7320020711390487,0.48856635945326654,-0.19659854199114524,1.6794366188255168,Cold,Cold,Neutral,Neutral,Very Hot
1992-05-01,-1.2705323549597058,-0.8321527492933865,0.4597849439260548,-0.23225218496316719,1.7024483751029615,Cold,Cold,Neutral,Neutral,Very Hot
1992-06-01,-1.3732029179060257,-0.902258224001423,0.41821178816452703,-0.22333877422016163,1.579719008289921,Cold,Cold,Neutral,Neutral,Very Hot
1992-07-01,-1.4000928272491093,-0.942318495263158,0.28389851570420654,-0.35703993536524387,1.6027307645673656,Cold,Cold,Neutral,Neutral,Very Hot
1992-08-01,-1.3560911574149723,-0.9222883596322905,0.20395013923973002,-0.38080903067992516,1.4723308123285097,Cold,Cold,Neutral,Neutral,Hot
1992-09-01,-1.2729768921727134,-0.852182884924254,0.14958524324388603,-0.4461740427952986,1.510683739457585,Cold,Cold,Neutral,Neutral,Very Hot
1992-10-01,-1.211863461847523,-0.7320020711390487,0.20395013923973002,-0.4610297273669745,1.6794366188255168,Cold,Cold,Neutral,Neutral,Very Hot
1992-11-01,-1.2338642967645916,-0.711971935508181,0.2934923208799438,-0.38080903067992516,1.6871072042513318,Cold,Cold,Neutral,Neutral,Very Hot
1992-12-01,-1.294977727089782,-0.8321527492933865,0.261512970294153,-0.35406879845090866,1.5413660811608452,Cold,Cold,Neutral,Neutral,Very Hot
1993-01-01,-1.402537364462117,-0.942318495263158,0.20714807429830903,-0.4194338105662822,1.579719008289921,Cold,Cold,Neutral,Neutral,Very Hot
1993-02-01,-1.5712104321596423,-0.9623486308940256,0.09841828230662102,-0.4402317689666283,1.3726132017929138,Very Cold,Cold,Neutral,Neutral,Hot
1993-03-01,-1.6201011764197946,-0.9723636987094594,0.00887610066640754,-0.43428949513795795,1.1424956390184615,Very Cold,Cold,Neutral,Neutral,Hot
1993-04-01,-1.593211267076711,-1.002408902155761,0.005678165607828264,-0.45805859045263925,1.1961897369991672,Very Cold,Cold,Neutral,Neutral,Hot
1993-05-01,-1.4000928272491093,-0.992393834340327,0.028063711017881778,-0.43131835822362286,1.1808485661475372,Cold,Cold,Neutral,Neutral,Hot
1993-06-01,-1.3243121736458736,-1.0124239699711948,0.0024802305492492723,-0.39863585216593617,1.0351074430570508,Cold,Cold,Neutral,Neutral,Hot
1993-07-01,-1.3292012480718887,-1.0725143768637975,-0.04548879532943674,-0.40754926290894156,0.9430604179472699,Cold,Cold,Neutral,Neutral,Hot
1993-08-01,-1.3389793969239192,-1.1025595803100987,-0.08706195109096448,-0.4134915367376119,0.8586839782633042,Cold,Cold,Neutral,Neutral,Hot
1993-09-01,-1.3756474551190332,-1.0725143768637975,-0.18939587296549423,-0.43428949513795795,0.6669193426179274,Cold,Cold,Neutral,Neutral,Hot
1993-10-01,-1.4416499598702388,-1.0124239699711948,-0.19898967814123147,-0.4134915367376119,0.5902134883597766,Cold,Cold,Neutral,Neutral,Hot
1993-11-01,-1.3658693062670029,-0.9523335630785918,-0.07427021085664824,-0.3897224414229306,0.8280016365600439,Cold,Cold,Neutral,Neutral,Hot
1993-12-01,-1.3218676364328656,-0.9823787665248932,-0.058280535563753,-0.40160698908027126,0.8970369053923795,Cold,Cold,Neutral,Neutral,Hot
1994-01-01,-1.2778659665987289,-1.0224390377866284,-0.06467640568091097,-0.42537608439495256,0.9430604179472699,Cold,Cold,Neutral,Neutral,Hot
1994-02-01,-1.238753371190607,-0.9723636987094594,0.005678165607828264,-0.3451553877079032,0.9047074908181947,Cold,Cold,Neutral,Neutral,Hot
1994-03-01,-1.1874180897174471,-0.852182884924254,0.16877285359536054,-0.2708769648495242,1.1041427118893863,Cold,Cold,Neutral,Neutral,Hot
1994-04-01,-1.175195403652409,-0.7520322067699162,0.3254716714657343,-0.2173965003914913,1.3419308600896536,Cold,Cold,Neutral,Neutral,Hot
1994-05-01,-1.2925331898767745,-0.7320020711390487,0.3926283076958945,-0.08072420233207411,1.1501662244442767,Cold,Cold,Neutral,Neutral,Hot
1994-06-01,-1.4123155133141474,-0.7320020711390487,0.367044827227262,-0.08072420233207411,1.0888015410377563,Cold,Cold,Neutral,Neutral,Hot
1994-07-01,-1.3487575457759495,-0.7520322067699162,0.43100352839884326,-0.024272600959705966,1.0964721264635715,Cold,Cold,Neutral,Neutral,Hot
1994-08-01,-1.3927592156100865,-0.8121226136625189,0.41181591804736906,0.020294452755321536,0.9353898325214546,Cold,Cold,Neutral,Neutral,Hot
1994-09-01,-1.4367608854442235,-0.76204727458535,0.4821704893361083,0.06189036955601367,0.9967545159279753,Cold,Cold,Neutral,Neutral,Hot
1994-10-01,-1.4807625552783608,-0.6418664608001446,0.5717126709763221,0.15993788772907397,0.9584015887989,Cold,Cold,Hot,Neutral,Hot
1994-11-01,-1.5565432088815965,-0.5517308504612406,0.6420672422650613,0.26095654281646935,0.8663545636891191,Very Cold,Cold,Hot,Neutral,Hot
1994-12-01,-1.593211267076711,-0.4315500366760352,0.5940982163863753,0.3530617871608592,0.5135076341016258,Very Cold,Neutral,Hot,Neutral,Hot
1995-01-01,-1.554098671668589,-0.4615952401223366,0.5845044112106383,0.38574429321854603,0.4061194381402148,Very Cold,Neutral,Hot,Neutral,Neutral
1995-02-01,-1.5760995065856576,-0.5917911217229757,0.4853684243946873,0.40357111470455687,0.12230777738505723,Very Cold,Cold,Neutral,Neutral,Neutral
1995-03-01,-1.598100341502726,-0.6418664608001446,0.39902417781305277,0.3916865670472165,-0.0541156874086894,Very Cold,Cold,Neutral,Neutral,Neutral
1995-04-01,-1.5516541344555814,-0.6618965964310122,0.3542530869929458,0.3679174717325352,-0.10013919996357987,Very Cold,Cold,Neutral,Neutral,Neutral
1995-05-01,-1.4416499598702388,-0.711971935508181,0.21674187947404627,0.3738597455612054,-0.44531554412525803,Cold,Cold,Neutral,Neutral,Neutral
1995-06-01,-1.1898626269304546,-0.7019568676927472,0.06963686677940953,0.31443700727450213,-0.6447507651964499,Cold,Cold,Neutral,Neutral,Cold
1995-07-01,-1.1214155849662417,-0.6819267320618798,0.10481415242377928,0.2995813227028264,-0.5220213983834087,Cold,Cold,Neutral,Neutral,Cold
1995-08-01,-0.9527425172687163,-0.711971935508181,0.17197078865393953,0.2936390488741562,-0.345597933589662,Cold,Cold,Neutral,Neutral,Neutral
1995-09-01,-0.8622946403874345,-0.711971935508181,0.07923067195514678,0.25798540590213426,-0.47599788582851826,Cold,Cold,Neutral,Neutral,Neutral
1995-10-01,-0.7694022262931453,-0.711971935508181,0.028063711017881778,0.25798540590213426,-0.5987272526415595,Cold,Cold,Neutral,Neutral,Cold
1995-11-01,-0.7449568541630691,-0.7520322067699162,-0.0071135746264879875,0.28175450121681556,-0.7444683757320458,Cold,Cold,Neutral,Neutral,Cold
1995-12-01,-0.6740652749858485,-0.7520322067699162,-0.07746814591522723,0.21638948910144185,-0.7444683757320458,Cold,Cold,Neutral,Neutral,Cold
1996-01-01,-0.5885064725305819,-0.7720623424007838,-0.09665575626670146,0.1747935723007497,-0.6831036923255251,Cold,Cold,Neutral,Neutral,Cold
1996-02-01,-0.4711686863062166,-0.8221376814779526,-0.04548879532943674,0.12428424475705202,-0.42997437327362786,Neutral,Cold,Neutral,Neutral,Neutral
1996-03-01,-0.30494015582169876,-0.7720623424007838,0.10161621736520002,0.16290902464340906,-0.17684505422173047,Neutral,Cold,Neutral,Neutral,Neutral
1996-04-01,-0.29027293254365316,-0.7019568676927472,0.17836665877109753,0.15993788772907397,0.014919581423646305,Neutral,Cold,Neutral,Neutral,Neutral
1996-05-01,-0.39049895827696535,-0.711971935508181,0.25191916511841606,0.1807358461294199,0.13764894823668739,Neutral,Cold,Neutral,Neutral,Neutral
1996-06-01,-0.48094683515824704,-0.711971935508181,0.30628406111426004,0.2015338045297661,0.21435480249483815,Neutral,Cold,Neutral,Neutral,Neutral
1996-07-01,-0.512725818927346,-0.711971935508181,0.2934923208799438,0.21936062601577722,0.13764894823668739,Cold,Cold,Neutral,Neutral,Neutral
1996-08-01,-0.6202854562996808,-0.7420171389544824,0.21993981453262526,0.18964925687242545,0.03793133770109154,Cold,Cold,Neutral,Neutral,Neutral
1996-09-01,-0.6496199028557722,-0.7420171389544824,0.28070058064562753,0.2015338045297661,0.15299011908831753,Cold,Cold,Neutral,Neutral,Neutral
1996-10-01,-0.5982846213826124,-0.7520322067699162,0.18476252888825578,0.17182243538641462,-0.0004215894279838504,Cold,Cold,Neutral,Neutral,Neutral
1996-11-01,-0.49316952122328506,-0.7820774102162176,0.07923067195514678,0.18370698304375527,-0.28423325018314155,Neutral,Cold,Neutral,Neutral,Neutral
1996-12-01,-0.40272164434200336,-0.7420171389544824,0.11121002254093727,0.14805334007173332,-0.11548037081521002,Neutral,Cold,Neutral,Neutral,Neutral
1997-01-01,-0.42472247925907186,-0.7019568676927472,0.20075220418115103,0.18370698304375527,0.007248995997831228,Neutral,Cold,Neutral,Neutral,Neutral
1997-02-01,-0.4442787769631328,-0.7420171389544824,0.14958524324388603,0.1777647092150848,-0.10013919996357987,Neutral,Cold,Neutral,Neutral,Neutral
1997-03-01,-0.5200594305663687,-0.7219870033236149,0.2359294898255208,0.21638948910144185,0.007248995997831228,Cold,Cold,Neutral,Neutral,Neutral
1997-04-01,-0.49072498401027753,-0.6618965964310122,0.2998881909971018,0.2223317629301123,0.14531953366250247,Neutral,Cold,Neutral,Neutral,Neutral
1997-05-01,-0.49316952122328506,-0.6318513929847108,0.2423253599426788,0.18964925687242545,0.09162543568179692,Neutral,Cold,Neutral,Neutral,Neutral
1997-06-01,-0.4711686863062166,-0.6418664608001446,0.17197078865393953,0.1539956139004035,0.014919581423646305,Neutral,Cold,Neutral,Neutral,Neutral
1997-07-01,-0.4540569258151632,-0.6618965964310122,0.08562654207230477,0.18964925687242545,-0.28423325018314155,Neutral,Cold,Neutral,Neutral,Neutral
1997-08-01,-0.2829393209046303,-0.6618965964310122,0.11121002254093727,0.21638948910144185,-0.29190383560895666,Neutral,Cold,Neutral,Neutral,Neutral
1997-09-01,-0.24627126270951621,-0.6318513929847108,0.08242860701372577,0.15993788772907397,-0.21519798135080587,Neutral,Cold,Neutral,Neutral,Neutral
1997-10-01,-0.2536048743485389,-0.5617459182766744,0.024865775959302783,0.16588016155774415,-0.36860968986710724,Neutral,Cold,Neutral,Neutral,Neutral
1997-11-01,-0.2609384859875618,-0.4816253757532041,-0.023103249919383232,0.21638948910144185,-0.6140684234931896,Neutral,Neutral,Neutral,Neutral,Cold
1997-12-01,-0.30494015582169876,-0.5016555113840717,-0.04548879532943674,0.2223317629301123,-0.6831036923255251,Neutral,Cold,Neutral,Neutral,Cold
1998-01-01,-0.2633830232005694,-0.5717609860921081,-0.13183304191107123,0.18667811995809036,-0.7981624737127513,Neutral,Cold,Neutral,Neutral,Cold
1998-02-01,-0.13382255091116604,-0.6318513929847108,-0.12223923673533398,0.2015338045297661,-0.8135036445643814,Neutral,Cold,Neutral,Neutral,Cold
1998-03-01,-0.07515365779898328,-0.6418664608001446,-0.09665575626670146,0.18370698304375527,-0.7061154486029704,Neutral,Cold,Neutral,Neutral,Cold
1998-04-01,-0.016484764686800518,-0.6218363251692771,-0.09985369132528074,0.15993788772907397,-0.6524213506222649,Neutral,Cold,Neutral,Neutral,Cold
1998-05-01,0.054406814490420265,-0.5917911217229757,-0.09665575626670146,0.1747935723007497,-0.6831036923255251,Neutral,Cold,Neutral,Neutral,Cold
1998-06-01,0.06418496334245072,-0.5617459182766744,-0.1446247821453875,0.16885129847207953,-0.7828213028611211,Neutral,Cold,Neutral,Neutral,Cold
1998-07-01,0.06662950055545828,-0.5417157826458069,-0.15741652237970374,0.16290902464340906,-0.7981624737127513,Neutral,Cold,Neutral,Neutral,Cold
1998-08-01,0.0006269958042528403,-0.4015048332297339,-0.1957917430826525,0.14508220315739823,-0.8441859862676417,Neutral,Neutral,Neutral,Neutral,Cold
1998-09-01,0.1350765425196715,-0.1611432056593231,-0.36528230118734273,0.05891923264167858,-1.0282800364872033,Neutral,Neutral,Neutral,Neutral,Cold
1998-10-01,0.2573034031700521,-0.0009021206123826119,-0.4548244828275562,-0.1342046667901069,-0.7444683757320458,Neutral,Neutral,Neutral,Neutral,Cold
1998-11-01,0.3428622056253185,-0.08102266313585287,-0.3588864310701845,-0.0005035056450246674,-0.8595271571192719,Neutral,Neutral,Neutral,Neutral,Cold
1998-12-01,0.40153109873750126,-0.1711582734747569,-0.4164492621246075,-0.0064457794736951235,-0.982256523932313,Neutral,Neutral,Neutral,Neutral,Cold
1999-01-01,0.4137537848025395,-0.24126374818279336,-0.39406371671455426,-0.02130146404537087,-0.890209498822532,Neutral,Neutral,Neutral,Neutral,Cold
1999-02-01,0.3379731311993034,-0.33139935852169744,-0.3045215350743405,0.008409905097980886,-0.7521389611578608,Neutral,Neutral,Neutral,Neutral,Cold
1999-03-01,0.21574627054892276,-0.3914897654143001,-0.23096902872702196,0.008409905097980886,-0.5757154963641141,Neutral,Neutral,Neutral,Neutral,Cold
1999-04-01,0.22063534497493786,-0.42153496886060143,-0.24695870401991749,-0.036157148617046615,-0.4990096421059635,Neutral,Neutral,Neutral,Neutral,Neutral
1999-05-01,0.2108571961229074,-0.42153496886060143,-0.13183304191107123,0.02623672658399173,-0.3839508607187374,Neutral,Neutral,Neutral,Neutral,Neutral
1999-06-01,0.21574627054892276,-0.36144456196799873,-0.016707379802224965,0.04703468498433793,-0.16150388337010033,Neutral,Neutral,Neutral,Neutral,Neutral
1999-07-01,0.2524143287440368,-0.2612938838136609,-0.05188466544659473,0.041092411155667474,-0.230539152202436,Neutral,Neutral,Neutral,Neutral,Neutral
1999-08-01,0.19618997284486184,-0.1711582734747569,-0.003915639567908712,0.09160173869936516,-0.24588032305406618,Neutral,Neutral,Neutral,Neutral,Neutral
1999-09-01,0.04951774006440492,-0.121082934397588,-0.010311509685066979,0.07971719104202452,-0.230539152202436,Neutral,Neutral,Neutral,Neutral,Neutral
1999-10-01,-0.06048643452093748,-0.09103773095128664,0.05044925642793529,0.13319765550005758,-0.22286856677662092,Neutral,Neutral,Neutral,Neutral,Neutral
1999-11-01,-0.1851578323843259,-0.15112813784388932,0.024865775959302783,0.19559153070109592,-0.44531554412525803,Neutral,Neutral,Neutral,Neutral,Neutral
1999-12-01,-0.20226959287537905,-0.1711582734747569,0.10481415242377928,0.23421631058745296,-0.35326851901547707,Neutral,Neutral,Neutral,Neutral,Neutral
2000-01-01,-0.20715866730139437,-0.20120347692105825,0.22633568464978354,0.2698699535594749,-0.15383329794428524,Neutral,Neutral,Neutral,Neutral,Neutral
2000-02-01,-0.2682720976265847,-0.21121854473649201,0.18156459382967652,0.33820610258918343,-0.4376449586994429,Neutral,Neutral,Neutral,Neutral,Neutral
2000-03-01,-0.1362670881241736,-0.13109800221302176,0.09841828230662102,0.37980201938987584,-0.7444683757320458,Neutral,Neutral,Neutral,Neutral,Cold
2000-04-01,0.003071533017260401,-0.05097745968955152,0.012074035724986533,0.3708886086468703,-0.9285624259516074,Neutral,Neutral,Neutral,Neutral,Cold
2000-05-01,-0.20715866730139437,0.00911294720305117,0.15598111336104428,0.40951338853322733,-0.6831036923255251,Neutral,Neutral,Neutral,Neutral,Cold
2000-06-01,-0.23649311385748575,0.019128015018484955,0.04725132136935601,0.37980201938987584,-0.867197742545087,Neutral,Neutral,Neutral,Neutral,Cold
2000-07-01,-0.29760654418267607,-0.0710075953204191,0.031261646076460765,0.460022716076925,-1.112656476171169,Neutral,Neutral,Neutral,Neutral,Cold
2000-08-01,-0.24382672549650844,-0.1711582734747569,-0.03909292521227847,0.49864749596328206,-1.3811269660746968,Neutral,Neutral,Neutral,Neutral,Cold
2000-09-01,-0.1436006997631965,-0.20120347692105825,-0.048686730388015735,0.47190726373426567,-1.3351034535198063,Neutral,Neutral,Neutral,Neutral,Cold
2000-10-01,-0.19249144402334858,-0.18117334129019066,-0.06787434073948997,0.5045897697919525,-1.4655034057586624,Neutral,Neutral,Neutral,Hot,Cold
2000-11-01,-0.23893765107049333,-0.13109800221302176,-0.07427021085664824,0.5224165912779634,-1.526868089165183,Neutral,Neutral,Neutral,Hot,Very Cold
2000-12-01,-0.15582338582823452,-0.08102266313585287,-0.22777109366844298,0.40357111470455687,-1.5882327725717036,Neutral,Neutral,Neutral,Neutral,Very Cold
2001-01-01,-0.04826374845589946,-0.1711582734747569,-0.25335457413707546,0.21936062601577722,-1.1740211595776897,Neutral,Neutral,Neutral,Neutral,Cold
2001-02-01,0.0788521866204963,-0.27130895162909474,-0.27254218448855,0.13913992932872776,-1.0129388656355733,Neutral,Neutral,Neutral,Neutral,Cold
2001-03-01,0.20841265890989985,-0.2612938838136609,-0.33969882071871027,0.0024676312693104286,-0.8211742299901965,Neutral,Neutral,Neutral,Neutral,Cold
2001-04-01,0.22796895661396077,-0.30135415507539604,-0.25975044425423377,-0.1609448990191233,-0.20752739592499078,Neutral,Neutral,Neutral,Neutral,Neutral
2001-05-01,0.28419331251313573,-0.4015048332297339,-0.17980206778975724,-0.23522332187750228,0.17600187536576276,Neutral,Neutral,Neutral,Neutral,Neutral
2001-06-01,0.4064201731635164,-0.4515801723069028,-0.21497935343412672,-0.2738481017638593,0.19134304621739293,Neutral,Neutral,Neutral,Neutral,Neutral
2001-07-01,0.460199991849684,-0.4916404435686379,-0.22777109366844298,-0.26790582793518913,0.14531953366250247,Neutral,Neutral,Neutral,Neutral,Neutral
2001-08-01,0.4773117523407374,-0.4816253757532041,-0.31411534025007776,-0.3124728816502165,0.05327250855272169,Neutral,Neutral,Neutral,Neutral,Neutral
2001-09-01,0.8415477970788717,-0.36144456196799873,-0.39086578165597496,-0.5263947394823479,0.4214606089918449,Hot,Neutral,Neutral,Cold,Neutral
2001-10-01,0.6948755642984147,-0.36144456196799873,-0.44203274259324,-0.6690093113704356,0.6669193426179274,Hot,Neutral,Neutral,Cold,Hot
2001-11-01,0.851325945930902,-0.4015048332297339,-0.4164492621246075,-0.7551722818861553,0.9507310033730848,Hot,Neutral,Neutral,Cold,Hot
2001-12-01,0.8684377064219554,-0.3714596297834325,-0.275740119547129,-0.8086527463441882,1.4263072997736193,Hot,Neutral,Neutral,Cold,Hot
2002-01-01,0.6948755642984147,-0.4315500366760352,-0.29172979484002426,-0.8205372940015287,1.4186367143478043,Hot,Neutral,Neutral,Cold,Hot
2002-02-01,0.6288730595472092,-0.4916404435686379,-0.33330295060155196,-0.7997393356011827,1.2652250058315029,Hot,Neutral,Neutral,Cold,Hot
2002-03-01,0.38197480103344034,-0.5016555113840717,-0.21497935343412672,-0.7789413772008366,1.4953425686059552,Neutral,Cold,Neutral,Cold,Hot
2002-04-01,0.051962277277412705,-0.5517308504612406,-0.23736489884418024,-0.8027104725155179,1.50301315403177,Neutral,Cold,Neutral,Cold,Very Hot
2002-05-01,0.1839672867798238,-0.6318513929847108,-0.25335457413707546,-0.7967681986868475,1.4493190560510647,Neutral,Cold,Neutral,Cold,Hot
2002-06-01,0.08374126104651164,-0.581776053907542,-0.326907080484394,-0.8056816094298529,1.295907347534763,Neutral,Cold,Neutral,Cold,Hot
2002-07-01,0.1350765425196715,-0.4816253757532041,-0.4164492621246075,-0.8116238832585234,1.0964721264635715,Neutral,Neutral,Neutral,Cold,Hot
2002-08-01,0.1619664518627551,-0.4115199010451676,-0.541168729409191,-0.8294507047445342,0.843342807411674,Neutral,Neutral,Cold,Cold,Hot
2002-09-01,-0.2731611720525998,-0.3714596297834325,-0.6658881966937743,-0.8264795678301992,0.5365193903790713,Neutral,Neutral,Cold,Cold,Hot
2002-10-01,-0.014040227473792959,-0.3714596297834325,-0.6435026512837209,-0.8413352524018749,0.6285664154888518,Neutral,Neutral,Cold,Cold,Hot
2002-11-01,0.0055160702302679615,-0.441565104491469,-0.6083253656393512,-0.9453250444036054,0.9814133450763451,Neutral,Neutral,Cold,Cold,Hot
2002-12-01,-0.15337884861522674,-0.4716103079377703,-0.6147212357565093,-0.9572095920609461,0.9967545159279753,Neutral,Neutral,Cold,Cold,Hot
2003-01-01,-0.10448810435507466,-0.5116705791995054,-0.6083253656393512,-0.9631518658896164,1.0274368576312356,Neutral,Cold,Cold,Cold,Hot
2003-02-01,-0.08248726943800617,-0.5417157826458069,-0.6562943915180371,-0.9631518658896164,0.9123780762440096,Neutral,Cold,Cold,Cold,Hot
2003-03-01,-0.04826374845589946,-0.5717609860921081,-0.6850758070452486,-0.9750364135469571,0.8740251491149343,Neutral,Cold,Cold,Cold,Hot
2003-04-01,0.11552024481561059,-0.6618965964310122,-0.6371067811665627,-0.9750364135469571,0.9890839305021604,Neutral,Cold,Cold,Cold,Hot
2003-05-01,0.2548588659570446,-0.7219870033236149,-0.7618262484511461,-0.9928632350329679,0.735954611450263,Neutral,Cold,Cold,Cold,Hot
2003-06-01,0.29886053579118155,-0.7219870033236149,-0.8385766898570435,-1.0374302887479954,0.6669193426179274,Neutral,Cold,Cold,Cold,Hot
2003-07-01,0.30374961021719665,-0.7219870033236149,-0.6307109110494046,-1.0433725625766657,1.1808485661475372,Neutral,Cold,Cold,Cold,Hot
2003-08-01,0.3575294289033643,-0.6919417998773135,-0.48040796329618873,-1.0285168780049898,1.50301315403177,Neutral,Cold,Neutral,Cold,Very Hot
2003-09-01,0.12529839366764103,-0.6819267320618798,-0.537970794350612,-1.031488014919325,1.3726132017929138,Neutral,Cold,Cold,Cold,Hot
2003-10-01,-0.12159986484612781,-0.711971935508181,-0.5315749242334538,-1.0374302887479954,1.4032955434961742,Neutral,Cold,Cold,Cold,Hot
2003-11-01,-0.329385527951775,-0.7219870033236149,-0.5283769891748747,-1.03445915183366,1.4032955434961742,Neutral,Cold,Cold,Cold,Hot
2003-12-01,-0.4296115536850872,-0.7219870033236149,-0.537970794350612,-1.0433725625766657,1.4032955434961742,Neutral,Cold,Cold,Cold,Hot
2004-01-01,-0.5420602654834373,-0.7720623424007838,-0.5763460150535605,-1.0493148364053362,1.3265896892380233,Cold,Cold,Cold,Cold,Hot
2004-02-01,-0.5322821166314069,-0.8121226136625189,-0.598731560463614,-1.03445915183366,1.2345426641282424,Cold,Cold,Cold,Cold,Hot
2004-03-01,-0.4711686863062166,-0.8221376814779526,-0.6786799369280905,-1.031488014919325,1.0351074430570508,Neutral,Cold,Cold,Cold,Hot
2004-04-01,-0.4613905374541861,-0.7820774102162176,-0.5123873138819796,-1.031488014919325,1.4339778851994345,Neutral,Cold,Cold,Cold,Hot
2004-05-01,-0.40516618155501094,-0.7219870033236149,-0.39406371671455426,-1.0077189196046439,1.6564248625480715,Neutral,Cold,Neutral,Cold,Very Hot
2004-06-01,-0.5542829515484754,-0.6919417998773135,-0.39086578165597496,-0.9334404967462648,1.4723308123285097,Cold,Cold,Neutral,Cold,Hot
2004-07-01,-0.6985106471159245,-0.7019568676927472,-0.4644182880032935,-0.9156136752602538,1.2498838349798727,Cold,Cold,Neutral,Cold,Hot
2004-08-01,-0.8329601938313432,-0.711971935508181,-0.5347728592920328,-0.8710466215452265,0.9660721742247149,Cold,Cold,Cold,Cold,Hot
2004-09-01,-0.581172860891559,-0.711971935508181,-0.5827418851707188,-0.8205372940015287,0.7206134405986327,Cold,Cold,Cold,Cold,Hot
2004-10-01,-0.4296115536850872,-0.711971935508181,-0.5923356903464561,-0.7878547879438421,0.6132252446372217,Neutral,Cold,Cold,Cold,Hot
2004-11-01,-0.3464972884428282,-0.7219870033236149,-0.5635542748192442,-0.6957495435994521,0.44447236526929035,Neutral,Cold,Cold,Cold,Neutral
2004-12-01,-0.26582756041357714,-0.711971935508181,-0.550762534584928,-0.6600959006274302,0.3831076818627697,Neutral,Cold,Cold,Cold,Neutral
2005-01-01,-0.2756057092656074,-0.7019568676927472,-0.5539604696435072,-0.6184999838267379,0.26804890047554353,Neutral,Cold,Cold,Cold,Neutral
2005-02-01,-0.41005525598102627,-0.7219870033236149,-0.5699501449364025,-0.5561061086256995,0.06861367940435167,Neutral,Cold,Cold,Cold,Neutral
2005-03-01,-0.5225039677793765,-0.6919417998773135,-0.4644182880032935,-0.4966833703389963,0.1683312899399477,Cold,Cold,Neutral,Neutral,Neutral
2005-04-01,-0.6398417540037418,-0.6318513929847108,-0.5155852489405585,-0.4847988226816558,0.014919581423646305,Cold,Cold,Cold,Neutral,Neutral
2005-05-01,-0.884295475304503,-0.6118212573538433,-0.5795439501121398,-0.4669720011956448,-0.18451563964754555,Cold,Cold,Cold,Neutral,Neutral
2005-06-01,-0.7669576890801376,-0.6118212573538433,-0.6243150409322465,-0.42834722130928765,-0.39162144614455247,Cold,Cold,Cold,Neutral,Neutral
2005-07-01,-0.696066109902917,-0.6218363251692771,-0.5667522098778235,-0.35406879845090866,-0.44531554412525803,Cold,Cold,Cold,Neutral,Neutral
2005-08-01,-0.6765098121988561,-0.6118212573538433,-0.541168729409191,-0.28870378633553523,-0.552703740086669,Cold,Cold,Cold,Neutral,Cold
2005-09-01,-0.6838434238378789,-0.581776053907542,-0.5603563397606652,-0.2946460601642055,-0.5833860817899292,Cold,Cold,Cold,Neutral,Cold
2005-10-01,-0.664287126133818,-0.581776053907542,-0.4772100282376098,-0.2084830896484859,-0.6063978380673745,Cold,Cold,Neutral,Neutral,Cold
2005-11-01,-0.7058442587549473,-0.5917911217229757,-0.45162654776897726,-0.1579737621047882,-0.6754331068997101,Cold,Cold,Neutral,Neutral,Cold
2005-12-01,-0.6740652749858485,-0.5717609860921081,-0.47401209317903076,-0.15500262519045296,-0.7367977903062307,Cold,Cold,Neutral,Neutral,Cold
2006-01-01,-0.5396157282704296,-0.5917911217229757,-0.490001768471926,-0.05101283318872236,-1.0436212073388336,Cold,Cold,Neutral,Neutral,Cold
2006-02-01,-0.4785022979452393,-0.6318513929847108,-0.44203274259324,0.005438768183645525,-1.0743035490420938,Neutral,Cold,Neutral,Neutral,Cold
2006-03-01,-0.4589460002411784,-0.6418664608001446,-0.39406371671455426,0.02920786349832682,-1.0206094510613883,Neutral,Cold,Neutral,Neutral,Cold
2006-04-01,-0.3709426605729044,-0.6318513929847108,-0.3077194701329195,0.05594809572734322,-0.8825389133967171,Neutral,Cold,Neutral,Neutral,Cold
2006-05-01,-0.41249979319403385,-0.6018061895384095,-0.2693442494299707,0.09160173869936516,-0.8825389133967171,Neutral,Cold,Neutral,Neutral,Cold
2006-06-01,-0.39783256991598803,-0.5517308504612406,-0.2693442494299707,0.11239969709971137,-0.9362330113774225,Neutral,Cold,Neutral,Neutral,Cold
2006-07-01,-0.36849812335989685,-0.5417157826458069,-0.275740119547129,0.15993788772907397,-1.0743035490420938,Neutral,Cold,Neutral,Neutral,Cold
2006-08-01,-0.3807208094249349,-0.5917911217229757,-0.34289675577728923,0.16290902464340906,-1.2430564284100254,Neutral,Cold,Neutral,Neutral,Cold
2006-09-01,-0.41005525598102627,-0.6118212573538433,-0.39406371671455426,0.11834197092838156,-1.2507270138358406,Neutral,Cold,Neutral,Neutral,Cold
2006-10-01,-0.3587199745078664,-0.6218363251692771,-0.39086578165597496,0.1510244769860684,-1.327432868093991,Neutral,Cold,Neutral,Neutral,Cold
2006-11-01,-0.29271746975666074,-0.6318513929847108,-0.432438937417503,0.15696675081473888,-1.4424916494812172,Neutral,Cold,Neutral,Neutral,Cold
2006-12-01,-0.2413821882835009,-0.6318513929847108,-0.4452306776518193,0.1302265185857222,-1.404138722352142,Neutral,Cold,Neutral,Neutral,Cold
2007-01-01,-0.26582756041357714,-0.671911664246446,-0.381271976480238,0.16885129847207953,-1.3504446243714363,Neutral,Cold,Neutral,Neutral,Cold
2007-02-01,-0.30249561860869123,-0.6819267320618798,-0.39406371671455426,0.18370698304375527,-1.419479893203772,Neutral,Cold,Neutral,Neutral,Cold
2007-03-01,-0.23649311385748575,-0.6318513929847108,-0.4452306776518193,0.15696675081473888,-1.4731739911844777,Neutral,Cold,Neutral,Neutral,Cold
2007-04-01,-0.11671079042011268,-0.6018061895384095,-0.40365752189029125,0.13616879241439267,-1.319762282668176,Neutral,Cold,Neutral,Neutral,Cold
2007-05-01,-0.0947099555030442,-0.5717609860921081,-0.384469911538817,0.09457287561370052,-1.1663505741518747,Neutral,Cold,Neutral,Neutral,Cold
2007-06-01,-0.12159986484612781,-0.5417157826458069,-0.27254218448855,0.05891923264167858,-0.8058330591385663,Neutral,Cold,Neutral,Neutral,Cold
2007-07-01,-0.16804607189327253,-0.4115199010451676,-0.3045215350743405,0.12131310784271691,-1.0436212073388336,Neutral,Neutral,Neutral,Neutral,Cold
2007-08-01,-0.01892930189980808,0.03915815064935252,-0.4100533920074495,-0.06289738084606301,-0.8211742299901965,Neutral,Neutral,Neutral,Neutral,Cold
2007-09-01,-0.05559736009492236,0.15933896443455792,-0.4580224178861355,-0.15500262519045296,-0.6984448631771554,Neutral,Neutral,Neutral,Neutral,Cold
2007-10-01,-0.18760236959733345,-0.010917188427816395,-0.4548244828275562,-0.15203148827611787,-0.6984448631771554,Neutral,Neutral,Neutral,Neutral,Cold
2007-11-01,-0.22915950221846287,0.2695047104043295,-0.5763460150535605,-0.3392131138792329,-0.5066802275317785,Neutral,Neutral,Cold,Neutral,Cold
2007-12-01,-0.2829393209046303,0.5499266092364754,-0.5923356903464561,-0.4194338105662822,-0.33792734816384695,Neutral,Hot,Cold,Neutral,Neutral
2008-01-01,-0.30494015582169876,0.42974579545127,-0.707461352455302,-0.4937122334246612,-0.4223037878478128,Neutral,Neutral,Cold,Neutral,Neutral
2008-02-01,-0.06782004615996039,0.6000019483136443,-0.707461352455302,-0.6808938590277762,0.06094309397853677,Neutral,Hot,Cold,Cold,Neutral
2008-03-01,0.034850516786359344,0.9304991862229591,-0.7810138588026205,-0.9364116336606001,0.5441899758048862,Neutral,Hot,Cold,Cold,Hot
2008-04-01,-0.08248726943800617,0.7702581011760186,-0.7266489628067764,-0.9274982229175945,0.6515781717662973,Neutral,Hot,Cold,Cold,Hot
2008-05-01,-0.08982088107702886,0.5098663379747402,-0.6626902616351953,-0.7967681986868475,0.4674841215467354,Neutral,Hot,Cold,Cold,Neutral
2008-06-01,-0.14604523697620406,0.6300471517599456,-0.5923356903464561,-0.7581434188004903,0.5365193903790713,Neutral,Hot,Cold,Cold,Hot
2008-07-01,-0.09715449271605175,0.7402128977297172,-0.6211171058736675,-0.8264795678301992,0.643907586340482,Neutral,Hot,Cold,Cold,Hot
2008-08-01,-0.317162841886737,0.7201827620988497,-0.6594923265766162,-0.7997393356011827,0.4828252923983655,Neutral,Hot,Cold,Cold,Neutral
2008-09-01,-0.16071246025424965,1.3811772379174792,-0.7234510277481974,-0.9750364135469571,0.7819781240051534,Neutral,Hot,Cold,Cold,Hot
2008-10-01,0.12285385645463348,2.4728196297997616,-0.6850758070452486,-1.1117087116063744,1.2268720787024276,Neutral,Very Hot,Cold,Cold,Hot
2008-11-01,0.20352358448388472,2.973573020571451,-0.7746179886854624,-1.254323283494462,1.3802837872187288,Neutral,Very Hot,Cold,Cold,Hot
2008-12-01,0.6777638038073617,2.8934524780479807,-1.129588780187738,-1.3018614741238246,0.6515781717662973,Hot,Very Hot,Cold,Cold,Hot
2009-01-01,0.8317696482268411,2.302563476937387,-1.0976094296019474,-1.272150104980473,0.6515781717662973,Hot,Very Hot,Cold,Cold,Hot
2009-02-01,0.6239839851211941,2.1022621206287115,-0.9856817025516803,-1.2216407774367755,0.7896487094309683,Hot,Very Hot,Cold,Cold,Hot
2009-03-01,0.6068722246301407,2.042171713736109,-1.0016713778445756,-1.2483810096657917,0.8203310511342287,Hot,Very Hot,Cold,Cold,Hot
2009-04-01,0.47486721512772984,1.5814785942261549,-0.9664940922002059,-1.2632366942374675,0.9430604179472699,Neutral,Very Hot,Cold,Cold,Hot
2009-05-01,0.6142058362691634,1.0306498643772968,-0.8513684300913598,-1.2572944204087972,1.2038603224249822,Hot,Hot,Cold,Cold,Hot
2009-06-01,0.5824268525000647,0.7602430333605849,-0.7138572225724601,-1.2572944204087972,1.5336954957350304,Hot,Hot,Cold,Cold,Very Hot
2009-07-01,0.4333100825066004,0.5399115414210416,-0.7650241835097251,-1.2572944204087972,1.410966128921989,Neutral,Hot,Cold,Cold,Hot
2009-08-01,0.38197480103344034,0.2795197782197633,-0.755430378333988,-1.2602655573231325,1.4416484706252495,Neutral,Neutral,Cold,Cold,Hot
2009-09-01,0.15218830301072486,0.13930882880369036,-0.8161911444469901,-1.2751212418948081,1.3342602746638383,Neutral,Neutral,Cold,Cold,Hot
2009-10-01,-0.10448810435507466,0.03915815064935252,-0.8193890795055692,-1.289976926466484,1.3649426163670986,Neutral,Neutral,Cold,Cold,Hot
2009-11-01,-0.1851578323843259,-0.010917188427816395,-0.8161911444469901,-1.2959192002951543,1.387954372644544,Neutral,Neutral,Cold,Cold,Hot
2009-12-01,-0.7596240774411148,-0.11106786658215421,-0.755430378333988,-1.2959192002951543,1.5336954957350304,Cold,Neutral,Cold,Cold,Very Hot
2010-01-01,-1.1189710477532342,-0.21121854473649201,-0.7106592875138811,-1.2929480633808192,1.633413106270626,Cold,Neutral,Cold,Cold,Very Hot
2010-02-01,-1.0651912290670664,-0.2212336125519258,-0.7234510277481974,-1.2780923788091432,1.5643778374382904,Cold,Neutral,Cold,Cold,Very Hot
2010-03-01,-1.2778659665987289,-0.36144456196799873,-0.7106592875138811,-1.2662078311518026,1.5643778374382904,Cold,Neutral,Cold,Cold,Very Hot
2010-04-01,-1.1996407757824852,-0.4315500366760352,-0.6722840668109323,-1.2632366942374675,1.6487542771222565,Cold,Neutral,Cold,Cold,Very Hot
2010-05-01,-1.214307999060531,-0.1711582734747569,-0.809795274329832,-1.2632366942374675,1.3189191038122081,Cold,Neutral,Cold,Cold,Hot
2010-06-01,-1.1874180897174471,-0.05097745968955152,-0.8801498456185712,-1.2751212418948081,1.1808485661475372,Cold,Neutral,Cold,Cold,Hot
2010-07-01,-1.1678617920133862,-0.19118840910562446,-0.9409106117315735,-1.2632366942374675,1.0044251013537906,Cold,Neutral,Cold,Cold,Hot
2010-08-01,-1.0260786336589447,-0.27130895162909474,-1.0400465985475242,-1.2632366942374675,0.7666369531535232,Cold,Neutral,Cold,Cold,Hot
2010-09-01,-0.9331862195646553,-0.31136922289082986,-1.0560362738404196,-1.2662078311518026,0.735954611450263,Cold,Neutral,Cold,Cold,Hot
2010-10-01,-0.8671837148134498,-0.4115199010451676,-1.0912135594847894,-1.272150104980473,0.6669193426179274,Cold,Neutral,Cold,Cold,Hot
2010-11-01,-0.8965181613695412,-0.4515801723069028,-1.02085898819605,-1.269178968066138,0.8280016365600439,Cold,Neutral,Cold,Cold,Hot
2010-12-01,-0.784069449571191,-0.5016555113840717,-0.8513684300913598,-1.269178968066138,1.2345426641282424,Cold,Cold,Cold,Cold,Hot
2011-01-01,-0.6178409190866733,-0.581776053907542,-0.8193890795055692,-1.2662078311518026,1.3035779329605783,Cold,Cold,Cold,Cold,Hot
2011-02-01,-0.5836173981045668,-0.6018061895384095,-0.758628313392567,-1.272150104980473,1.464660226902695,Cold,Cold,Cold,Cold,Hot
2011-03-01,-0.40516618155501094,-0.5617459182766744,-0.812993209388411,-1.2810635157234787,1.3572720309412838,Neutral,Cold,Cold,Cold,Hot
2011-04-01,-0.317162841886737,-0.5917911217229757,-0.7970035340955157,-1.2929480633808192,1.4263072997736193,Neutral,Cold,Cold,Cold,Hot
2011-05-01,-0.2756057092656074,-0.5917911217229757,-0.8897436507943085,-1.2988903372094895,1.2192014932766124,Neutral,Cold,Cold,Cold,Hot
2011-06-01,-0.12404440205913558,-0.5417157826458069,-0.9441085467901525,-1.2988903372094895,1.0888015410377563,Neutral,Cold,Cold,Cold,Hot
2011-07-01,0.30130507300418913,-0.4716103079377703,-0.9441085467901525,-1.2988903372094895,1.0888015410377563,Neutral,Neutral,Cold,Cold,Hot
2011-08-01,0.6777638038073617,-0.24126374818279336,-1.1679640008906869,-1.3048326110381598,0.5672017320823313,Hot,Neutral,Cold,Cold,Hot
2011-09-01,0.6410957456122475,-0.0609925275049853,-1.2702979227652167,-1.307803747952495,0.32941358388206415,Hot,Neutral,Cold,Cold,Neutral
2011-10-01,0.5799823152870571,-0.09103773095128664,-1.2159330267693726,-1.3048326110381598,0.45214295069510524,Hot,Neutral,Cold,Cold,Neutral
2011-11-01,0.6606520433163083,-0.10105279876672044,-1.2607041175894795,-1.307803747952495,0.3524253401595094,Hot,Neutral,Cold,Cold,Neutral
2011-12-01,0.692431027085407,-0.11106786658215421,-1.2702979227652167,-1.307803747952495,0.32941358388206415,Hot,Neutral,Cold,Cold,Neutral
2012-01-01,0.8244360365878184,-0.27130895162909474,-1.2734958578237958,-1.3018614741238246,0.3064018276046189,Hot,Neutral,Cold,Cold,Neutral
2012-02-01,0.7755452923276659,-0.3914897654143001,-1.2734958578237958,-1.2840346526378137,0.26037831504972847,Hot,Neutral,Cold,Cold,Neutral
2012-03-01,0.7193209364284912,-0.441565104491469,-1.2095371566522146,-1.2870057895521487,0.4214606089918449,Hot,Neutral,Cold,Cold,Neutral
2012-04-01,0.6777638038073617,-0.4115199010451676,-1.2479123773551632,-1.2870057895521487,0.32941358388206415,Hot,Neutral,Cold,Cold,Neutral
2012-05-01,0.5799823152870571,-0.31136922289082986,-1.3278607538196399,-1.2840346526378137,0.1299783628108723,Hot,Neutral,Cold,Cold,Neutral
2012-06-01,0.5506478687309655,-0.2612938838136609,-1.3854235848740628,-1.2840346526378137,-0.008092174853798928,Hot,Neutral,Cold,Cold,Neutral
2012-07-01,0.22552441940095322,-0.3414144263371312,-1.4142050004012743,-1.2810635157234787,-0.08479802911194971,Neutral,Neutral,Cold,Cold,Neutral
2012-08-01,-0.10693264156808222,-0.4315500366760352,-1.3662359745225885,-1.2810635157234787,0.03026075227527646,Neutral,Neutral,Cold,Cold,Neutral
2012-09-01,0.042184128425382245,-0.5116705791995054,-1.3534442342882722,-1.2780923788091432,0.05327250855272169,Neutral,Cold,Cold,Cold,Neutral
2012-10-01,0.12285385645463348,-0.5517308504612406,-1.343850429112535,-1.2810635157234787,0.08395485025598183,Neutral,Cold,Cold,Cold,Neutral
2012-11-01,0.15707737743674,-0.5617459182766744,-1.3758297796983259,-1.2840346526378137,0.014919581423646305,Neutral,Cold,Cold,Cold,Neutral
2012-12-01,0.3379731311993034,-0.5917911217229757,-1.3534442342882722,-1.289976926466484,0.08395485025598183,Neutral,Cold,Cold,Cold,Neutral
2013-01-01,0.19618997284486184,-0.6418664608001446,-1.29268346817527,-1.289976926466484,0.22969597334646832,Neutral,Cold,Cold,Cold,Neutral
2013-02-01,0.10574209596358013,-0.6618965964310122,-1.2702979227652167,-1.2810635157234787,0.26037831504972847,Neutral,Cold,Cold,Cold,Neutral
2013-03-01,0.12774293088064861,-0.6618965964310122,-1.2766937928823747,-1.2840346526378137,0.2527077296239135,Neutral,Cold,Cold,Cold,Neutral
2013-04-01,0.054406814490420265,-0.7019568676927472,-1.3406524940539561,-1.2929480633808192,0.12230777738505723,Neutral,Cold,Cold,Cold,Neutral
2013-05-01,0.025072367934328883,-0.7219870033236149,-1.286287598058112,-1.2988903372094895,0.26804890047554353,Neutral,Cold,Cold,Cold,Neutral
2013-06-01,-0.01892930189980808,-0.6618965964310122,-1.1679640008906869,-1.2959192002951543,0.5441899758048862,Neutral,Cold,Cold,Cold,Hot
2013-07-01,-0.06048643452093748,-0.6518815286155785,-1.078421819250473,-1.2988903372094895,0.7666369531535232,Neutral,Cold,Cold,Cold,Hot
2013-08-01,-0.10204356714206689,-0.6819267320618798,-1.027254858313208,-1.2988903372094895,0.8893663199665645,Neutral,Cold,Cold,Cold,Hot
2013-09-01,-0.16071246025424965,-0.6819267320618798,-1.0048693129031547,-1.3048326110381598,0.9584015887989,Neutral,Cold,Cold,Cold,Hot
2013-10-01,-0.03359652517785388,-0.711971935508181,-1.0656300790161568,-1.2959192002951543,0.7896487094309683,Neutral,Cold,Cold,Cold,Hot
2013-11-01,-0.1851578323843259,-0.76204727458535,-1.0336507284303662,-1.289976926466484,0.8510133928374889,Neutral,Cold,Cold,Cold,Hot
2013-12-01,-0.3391636768038055,-0.7920924780316514,-0.9760878973759431,-1.289976926466484,0.9890839305021604,Neutral,Cold,Cold,Cold,Hot
2014-01-01,-0.23160403943147043,-0.7820774102162176,-0.9888796376102594,-1.2988903372094895,0.9814133450763451,Neutral,Cold,Cold,Cold,Hot
2014-02-01,-0.12648893927214314,-0.7820774102162176,-1.0368486634889453,-1.2959192002951543,0.8586839782633042,Neutral,Cold,Cold,Cold,Hot
2014-03-01,-0.18271329517131812,-0.7920924780316514,-1.0336507284303662,-1.2959192002951543,0.8663545636891191,Neutral,Cold,Cold,Cold,Hot
2014-04-01,-0.14604523697620406,-0.7820774102162176,-1.0368486634889453,-1.3018614741238246,0.8740251491149343,Neutral,Cold,Cold,Cold,Hot
2014-05-01,-0.08248726943800617,-0.7920924780316514,-1.0848176893676311,-1.3018614741238246,0.758966367727708,Neutral,Cold,Cold,Cold,Hot
2014-06-01,-0.0947099555030442,-0.8021075458470852,-1.0720259491333148,-1.2988903372094895,0.7819781240051534,Neutral,Cold,Cold,Cold,Hot
2014-07-01,-0.06537550894695282,-0.76204727458535,-1.0912135594847894,-1.3018614741238246,0.7436251968760779,Neutral,Cold,Cold,Cold,Hot
2014-08-01,-0.1509343114022192,-0.7320020711390487,-1.129588780187738,-1.3018614741238246,0.6515781717662973,Neutral,Cold,Cold,Cold,Hot
2014-09-01,-0.20471413008838682,-0.7019568676927472,-1.0944114945433685,-1.3048326110381598,0.7436251968760779,Neutral,Cold,Cold,Cold,Hot
2014-10-01,-0.3318300651647826,-0.6518815286155785,-1.1679640008906869,-1.3048326110381598,0.5672017320823313,Neutral,Cold,Cold,Cold,Hot
2014-11-01,-0.2633830232005694,-0.6618965964310122,-1.1583701957149495,-1.3048326110381598,0.5902134883597766,Neutral,Cold,Cold,Cold,Hot
2014-12-01,-0.22915950221846287,-0.6118212573538433,-1.1967454164178983,-1.3018614741238246,0.4904958778241808,Neutral,Cold,Cold,Cold,Neutral
2015-01-01,-0.1998250556623715,-0.5317007148303731,-1.3022772733510073,-1.3018614741238246,0.23736655877228338,Neutral,Cold,Cold,Cold,Neutral
2015-02-01,-0.09715449271605175,-0.5216856470149392,-1.2702979227652167,-1.3048326110381598,0.3217429984562491,Neutral,Cold,Cold,Cold,Neutral
2015-03-01,-0.1851578323843259,-0.5517308504612406,-1.2511103124137424,-1.3018614741238246,0.3600959255853243,Neutral,Cold,Cold,Cold,Neutral
2015-04-01,-0.21449227894041706,-0.5617459182766744,-1.2830896629995328,-1.3048326110381598,0.29106065675298876,Neutral,Cold,Cold,Cold,Neutral
2015-05-01,-0.30249561860869123,-0.5617459182766744,-1.1999433514764772,-1.3048326110381598,0.4904958778241808,Neutral,Cold,Cold,Cold,Neutral
2015-06-01,-0.34160821401681307,-0.5517308504612406,-1.1487763905392123,-1.3048326110381598,0.6132252446372217,Neutral,Cold,Cold,Cold,Hot
2015-07-01,-0.3709426605729044,-0.5317007148303731,-1.1615681307735286,-1.3018614741238246,0.5748723175081465,Neutral,Cold,Cold,Cold,Hot
2015-08-01,-0.329385527951775,-0.4515801723069028,-1.2095371566522146,-1.289976926466484,0.4291311944176602,Neutral,Neutral,Cold,Cold,Neutral
2015-09-01,-0.29271746975666074,-0.4015048332297339,-1.2095371566522146,-1.3048326110381598,0.4674841215467354,Neutral,Neutral,Cold,Cold,Neutral
2015-10-01,-0.3489418256558359,-0.441565104491469,-1.2415165072380052,-1.3048326110381598,0.3907782672885846,Neutral,Neutral,Cold,Cold,Neutral
2015-11-01,-0.24627126270951621,-0.4615952401223366,-1.180755741125003,-1.2751212418948081,0.45981353612092046,Neutral,Neutral,Cold,Cold,Neutral
2015-12-01,-0.2829393209046303,-0.3914897654143001,-1.187151611242161,-1.2424387358371214,0.3600959255853243,Neutral,Neutral,Cold,Cold,Neutral
2016-01-01,-0.19004690681034103,-0.30135415507539604,-1.235120637120847,-1.233525325094116,0.22202538792065324,Neutral,Neutral,Cold,Cold,Neutral
2016-02-01,-0.2951620069696683,-0.2813240194445285,-1.3342566239367977,-1.2186696405224402,-0.0541156874086894,Neutral,Neutral,Cold,Cold,Neutral
2016-03-01,-0.18760236959733345,-0.3514294941525649,-1.2990793382924284,-1.2246119143511105,0.04560192312690662,Neutral,Neutral,Cold,Cold,Neutral
2016-04-01,-0.09959902992905932,-0.3914897654143001,-1.3246628187610607,-1.2424387358371214,0.03026075227527646,Neutral,Neutral,Cold,Cold,Neutral
2016-05-01,-0.02137383911281586,-0.3814746975988663,-1.3246628187610607,-1.230554188179781,-0.0004215894279838504,Neutral,Neutral,Cold,Cold,Neutral
2016-06-01,0.012849681869290861,-0.36144456196799873,-1.3790277147569048,-1.230554188179781,-0.13082154166684,Neutral,Neutral,Cold,Cold,Neutral
2016-07-01,0.02996144236034422,-0.36144456196799873,-1.4237988055770114,-1.2216407774367755,-0.2612214939056963,Neutral,Neutral,Cold,Cold,Neutral
2016-08-01,0.10329755875057256,-0.3714596297834325,-1.4046111952255373,-1.2216407774367755,-0.21519798135080587,Neutral,Neutral,Cold,Cold,Neutral
2016-09-01,0.0935194098985421,-0.3514294941525649,-1.3822256498154837,-1.2246119143511105,-0.15383329794428524,Neutral,Neutral,Cold,Cold,Neutral
2016-10-01,0.12774293088064861,-0.3714596297834325,-1.3406524940539561,-1.21272736669377,-0.08479802911194971,Neutral,Neutral,Cold,Cold,Neutral
2016-11-01,0.0788521866204963,-0.42153496886060143,-1.2191309618279516,-1.177073723721748,0.11463719195924214,Neutral,Neutral,Cold,Cold,Neutral
2016-12-01,0.017738756295305982,-0.4615952401223366,-1.1072032347776846,-1.159246902235737,0.3370841693078792,Neutral,Neutral,Cold,Cold,Neutral
2017-01-01,-0.12404440205913558,-0.4916404435686379,-1.1263908451291589,-1.159246902235737,0.29106065675298876,Neutral,Neutral,Cold,Cold,Neutral
2017-02-01,-0.1436006997631965,-0.5016555113840717,-1.129588780187738,-1.1562757653214017,0.2757194859013586,Neutral,Cold,Cold,Cold,Neutral
2017-03-01,-0.1289334764851507,-0.4916404435686379,-1.1104011698362637,-1.0909107532060283,0.15299011908831753,Neutral,Neutral,Cold,Cold,Neutral
2017-04-01,-0.18271329517131812,-0.5016555113840717,-1.1679640008906869,-1.0730839317200174,-0.031103931131244163,Neutral,Cold,Cold,Cold,Neutral
2017-05-01,-0.2193813533664324,-0.5417157826458069,-1.1679640008906869,-1.046343699491001,-0.10013919996357987,Neutral,Cold,Cold,Cold,Neutral
2017-06-01,-0.30005108139568365,-0.5717609860921081,-1.2031412865350564,-1.0196034672619845,-0.25355090847988127,Neutral,Cold,Cold,Cold,Neutral
2017-07-01,-0.30005108139568365,-0.581776053907542,-1.1615681307735286,-0.9928632350329679,-0.22286856677662092,Neutral,Cold,Cold,Cold,Neutral
2017-08-01,-0.3562754372948586,-0.5717609860921081,-1.1967454164178983,-1.0106900565189791,-0.2612214939056963,Neutral,Cold,Cold,Cold,Neutral
2017-09-01,-0.38560988385095,-0.5717609860921081,-1.1999433514764772,-1.0047477826903086,-0.28423325018314155,Neutral,Cold,Cold,Cold,Neutral
2017-10-01,-0.41738886762004895,-0.5917911217229757,-1.1487763905392123,-0.9928632350329679,-0.19218622507336064,Neutral,Cold,Cold,Cold,Neutral
2017-11-01,-0.500503132862308,-0.6118212573538433,-1.1519743255977914,-0.9453250444036054,-0.3225861773122168,Cold,Cold,Cold,Cold,Neutral
2017-12-01,-0.4785022979452393,-0.6218363251692771,-1.1359846503048963,-0.918584812174589,-0.35326851901547707,Neutral,Cold,Cold,Cold,Neutral
2018-01-01,-0.6056182330216352,-0.6218363251692771,-1.078421819250473,-0.8918445799455725,-0.28423325018314155,Cold,Cold,Cold,Cold,Neutral
2018-02-01,-0.6667316633468255,-0.5717609860921081,-0.9888796376102594,-0.8443063893162099,-0.19218622507336064,Cold,Cold,Cold,Cold,Neutral
2018-03-01,-0.6789543494118636,-0.5216856470149392,-0.9952755077274176,-0.8056816094298529,-0.3072450064605868,Cold,Cold,Cold,Cold,Neutral
2018-04-01,-0.752290465802092,-0.5317007148303731,-0.9856817025516803,-0.7878547879438421,-0.33025676273803184,Cold,Cold,Cold,Cold,Neutral
2018-05-01,-0.7498459285890844,-0.5717609860921081,-0.9505044169073107,-0.7581434188004903,-0.3225861773122168,Cold,Cold,Cold,Cold,Neutral
2018-06-01,-0.6813988866248711,-0.5517308504612406,-0.972889962317364,-0.7462588711431498,-0.40696261699618264,Cold,Cold,Cold,Cold,Neutral
2018-07-01,-0.7278450936720159,-0.5617459182766744,-0.9792858324345222,-0.7284320496571388,-0.46832730040270315,Cold,Cold,Cold,Cold,Neutral
2018-08-01,-0.7474013913760769,-0.5917911217229757,-0.9792858324345222,-0.7076340912567928,-0.5220213983834087,Cold,Cold,Cold,Cold,Cold
2018-09-01,-0.7742913007191605,-0.6018061895384095,-0.9441085467901525,-0.6779227221134412,-0.5143508129575937,Cold,Cold,Cold,Cold,Cold
2018-10-01,-0.8622946403874345,-0.5717609860921081,-0.8961395209114666,-0.6422690791414192,-0.4913390566801484,Cold,Cold,Cold,Cold,Neutral
2018-11-01,-0.8867400125175107,-0.5016555113840717,-0.9057333260872038,-0.6184999838267379,-0.5757154963641141,Cold,Cold,Cold,Cold,Cold
2018-12-01,-0.7791803751451758,-0.4315500366760352,-0.9984734427859965,-0.6066154361693973,-0.8288448154160116,Cold,Neutral,Cold,Cold,Cold
2019-01-01,-0.6862879610508865,-0.4716103079377703,-1.0368486634889453,-0.6066154361693973,-0.9208918405257923,Cold,Neutral,Cold,Cold,Cold
2019-02-01,-0.688732498263894,-0.5617459182766744,-1.0464424686646825,-0.6006731623407269,-0.9592447676548678,Cold,Cold,Cold,Cold,Cold
2019-03-01,-0.7131778703939702,-0.6018061895384095,-1.0816197543090522,-0.5977020254263918,-1.0512917927646486,Cold,Cold,Cold,Cold,Cold
2019-04-01,-0.696066109902917,-0.6118212573538433,-1.0944114945433685,-0.6036442992550621,-1.0666329636162788,Cold,Cold,Cold,Cold,Cold
2019-05-01,-0.6276190679387037,-0.6018061895384095,-1.1359846503048963,-0.6125577099980676,-1.1433388178744295,Cold,Cold,Cold,Cold,Cold
2019-06-01,-0.5298375794183992,-0.5717609860921081,-1.2415165072380052,-0.6660381744561005,-1.2583975992616556,Cold,Cold,Cold,Cold,Cold
2019-07-01,-0.4516123886021557,-0.581776053907542,-1.2447144422965841,-0.6868361328564465,-1.2123740867067652,Neutral,Cold,Cold,Cold,Cold
2019-08-01,-0.40027710712899583,-0.5517308504612406,-1.3822256498154837,-0.731403186571474,-1.4271504786295872,Neutral,Cold,Cold,Cold,Cold
2019-09-01,-0.29760654418267607,-0.5116705791995054,-1.3598401044054302,-0.7492300080574851,-1.327432868093991,Neutral,Cold,Cold,Cold,Cold
2019-10-01,-0.0873763438640213,-0.5317007148303731,-1.3566421693468513,-0.8205372940015287,-1.1356682324486143,Neutral,Cold,Cold,Cold,Cold
2019-11-01,0.06662950055545828,-0.5717609860921081,-1.3246628187610607,-0.8532198000592155,-0.9745859385064979,Neutral,Cold,Cold,Cold,Cold
2019-12-01,-0.03604106239086144,-0.5617459182766744,-1.3086731434681653,-0.8532198000592155,-0.9362330113774225,Neutral,Cold,Cold,Cold,Cold
2020-01-01,-0.03359652517785388,-0.6018061895384095,-1.3406524940539561,-0.8591620738878858,-0.9975976947839431,Neutral,Cold,Cold,Cold,Cold
2020-02-01,-0.011595690260785397,-0.4716103079377703,-1.4237988055770114,-0.8591620738878858,-1.197032915855135,Neutral,Neutral,Cold,Cold,Cold
2020-03-01,0.7926570528187192,0.08923348972652141,-1.6252687142674922,-1.2246119143511105,-0.7367977903062307,Hot,Neutral,Very Cold,Cold,Cold
2020-04-01,2.44027513438585,0.24947457477346194,-1.6924253504976525,-1.269178968066138,-0.7828213028611211,Very Hot,Neutral,Very Cold,Cold,Cold
2020-05-01,3.6649882781026646,-0.121082934397588,-1.6892274154390736,-1.272150104980473,-0.767480132009491,Very Hot,Neutral,Very Cold,Cold,Cold
2020-06-01,3.899663850551395,-0.3514294941525649,-1.6700398050875993,-1.2632366942374675,-0.7444683757320458,Very Hot,Neutral,Very Cold,Cold,Cold
2020-07-01,3.992556264645685,-0.441565104491469,-1.7052170907319688,-1.272150104980473,-0.8058330591385663,Very Hot,Neutral,Very Cold,Cold,Cold
2020-08-01,3.9363319087465096,-0.5016555113840717,-1.6956232855562314,-1.2810635157234787,-0.7598095465836758,Very Hot,Cold,Very Cold,Cold,Cold
2020-09-01,4.122116736935088,-0.5016555113840717,-1.6860294803804945,-1.2780923788091432,-0.7444683757320458,Very Hot,Cold,Very Cold,Cold,Cold
2020-10-01,4.100115902018019,-0.5016555113840717,-1.6508521947361248,-1.2810635157234787,-0.6524213506222649,Very Hot,Cold,Very Cold,Cold,Cold
2020-11-01,4.246788134798477,-0.5517308504612406,-1.6252687142674922,-1.2840346526378137,-0.5833860817899292,Very Hot,Cold,Very Cold,Cold,Cold
2020-12-01,4.3519032349578035,-0.6018061895384095,-1.606081103916018,-1.2840346526378137,-0.5373625692350389,Very Hot,Cold,Very Cold,Cold,Cold
2021-01-01,4.576800658554504,-0.6218363251692771,-1.558112078037332,-1.2870057895521487,-0.4146332024219977,Very Hot,Cold,Very Cold,Cold,Neutral
2021-02-01,4.850588826411356,-0.6318513929847108,-1.5005492469829091,-1.2988903372094895,-0.24588032305406618,Very Hot,Cold,Very Cold,Cold,Neutral
2021-03-01,4.1758965556212555,-0.6418664608001446,-1.3886215199326417,-1.3018614741238246,0.03026075227527646,Very Hot,Cold,Cold,Cold,Neutral
2021-04-01,2.8607355350231596,-0.671911664246446,-1.3790277147569048,-1.3048326110381598,0.06094309397853677,Very Hot,Cold,Cold,Cold,Neutral
2021-05-01,1.8535862032640231,-0.6919417998773135,-1.3854235848740628,-1.3048326110381598,0.04560192312690662,Very Hot,Cold,Cold,Cold,Neutral
2021-06-01,1.4649047863958127,-0.6919417998773135,-1.4174029354598532,-1.2988903372094895,-0.04644510198287432,Hot,Cold,Cold,Cold,Neutral
2021-07-01,1.4380148770527292,-0.671911664246446,-1.4813616366314346,-1.2959192002951543,-0.20752739592499078,Hot,Cold,Cold,Cold,Neutral
2021-08-01,1.5797980354071708,-0.6518815286155785,-1.4941533768657507,-1.2959192002951543,-0.2382097376282511,Very Hot,Cold,Cold,Cold,Neutral
2021-09-01,1.4551266375437826,-0.6518815286155785,-1.4653719613385392,-1.2988903372094895,-0.16150388337010033,Hot,Cold,Cold,Cold,Neutral
2021-10-01,1.4404594142657368,-0.6418664608001446,-1.398215325108379,-1.2959192002951543,-0.008092174853798928,Hot,Cold,Cold,Cold,Neutral
2021-11-01,1.3353443141064094,-0.581776053907542,-1.4046111952255373,-1.2959192002951543,-0.023433345705429084,Hot,Cold,Cold,Cold,Neutral
2021-12-01,1.3108989419763335,-0.5417157826458069,-1.4333926107527488,-1.2929480633808192,-0.10013919996357987,Hot,Cold,Cold,Cold,Neutral
2022-01-01,1.134892262639785,-0.5617459182766744,-1.3406524940539561,-1.2662078311518026,0.05327250855272169,Hot,Cold,Cold,Cold,Neutral
2022-02-01,0.9295511367471457,-0.4816253757532041,-1.286287598058112,-1.21272736669377,0.04560192312690662,Hot,Neutral,Cold,Cold,Neutral
2022-03-01,0.663096580529316,-0.3914897654143001,-1.2223288968865307,-1.1800448606360832,0.11463719195924214,Hot,Neutral,Cold,Cold,Neutral
2022-04-01,0.24996979153102925,-0.36144456196799873,-1.024056923254629,-1.084968479377358,0.3447547547336943,Neutral,Neutral,Cold,Cold,Neutral
2022-05-01,-0.16804607189327253,-0.29133908725996227,-0.9760878973759431,-1.0196034672619845,0.29106065675298876,Neutral,Neutral,Cold,Cold,Neutral
2022-06-01,-0.27805024647861515,-0.20120347692105825,-0.8993374559700457,-0.8680754846308912,0.08395485025598183,Neutral,Neutral,Cold,Cold,Neutral
2022-07-01,-0.4760577607322317,-0.19118840910562446,-0.9760878973759431,-0.6482113529700895,-0.667762521473895,Neutral,Neutral,Cold,Cold,Cold
2022-08-01,-0.7425123169500616,-0.2312486803673596,-0.9760878973759431,-0.5293658763966832,-0.9745859385064979,Cold,Neutral,Cold,Cold,Cold
2022-09-01,-1.0456349313630056,-0.15112813784388932,-0.7778159237440414,-0.38080903067992516,-0.8825389133967171,Cold,Neutral,Cold,Neutral,Cold
2022-10-01,-1.351202082988957,-0.11106786658215421,-0.6307109110494046,-0.20551195273415065,-0.982256523932313,Cold,Neutral,Cold,Neutral,Cold
2022-11-01,-1.6298793252718249,-0.1711582734747569,-0.6594923265766162,-0.07775306541773876,-1.3811269660746968,Very Cold,Neutral,Cold,Neutral,Cold
2022-12-01,-1.9623363862408603,-0.20120347692105825,-0.7458365731582508,-0.048041696274387265,-1.6649386268298543,Very Cold,Neutral,Cold,Neutral,Very Cold
2023-01-01,-2.109008619021317,-0.2813240194445285,-0.7746179886854624,0.038121274241332374,-1.956420873010827,Very Cold,Neutral,Cold,Neutral,Very Cold
2023-02-01,-2.2410136285237283,-0.30135415507539604,-0.704263417396723,0.07080378029901922,-1.8720444333268613,Very Cold,Neutral,Cold,Neutral,Very Cold
2023-03-01,-2.627250508178931,-0.19118840910562446,-0.7330448329239345,0.08268832795635987,-1.9717620438624572,Very Cold,Neutral,Cold,Neutral,Very Cold
2023-04-01,-2.8228134852195406,-0.18117334129019066,-0.7970035340955157,0.1510244769860684,-2.3015972171725054,Very Cold,Neutral,Cold,Neutral,Very Cold
2023-05-01,-2.678585789652091,-0.21121854473649201,-0.7618262484511461,0.21638948910144185,-2.385973656856471,Very Cold,Neutral,Cold,Neutral,Very Cold
2023-06-01,-2.646806805882992,-0.2212336125519258,-0.704263417396723,0.2223317629301123,-2.26324429004343,Very Cold,Neutral,Cold,Neutral,Very Cold
2023-07-01,-2.6590294919480297,-0.2612938838136609,-0.6562943915180371,0.2490719951591287,-2.2172207774885395,Very Cold,Neutral,Cold,Neutral,Very Cold
2023-08-01,-2.6492513430959996,-0.3213842907062636,-0.5699501449364025,0.26392767973080444,-2.048467898120608,Very Cold,Neutral,Cold,Neutral,Very Cold
2023-09-01,-2.5856933755578018,-0.33139935852169744,-0.5027935087062423,0.2698699535594749,-1.9027267750301213,Very Cold,Neutral,Cold,Neutral,Very Cold
2023-10-01,-2.5172463335935884,-0.29133908725996227,-0.36848023624592174,0.2758122273881451,-1.5959033579975188,Very Cold,Neutral,Neutral,Neutral,Very Cold
2023-11-01,-2.4341320683513294,-0.31136922289082986,-0.4644182880032935,0.2550142689877989,-1.7723268227912652,Very Cold,Neutral,Neutral,Neutral,Very Cold
2023-12-01,-2.272792612292827,-0.3514294941525649,-0.6179191708150885,0.2461008582447936,-2.1175031669529436,Very Cold,Neutral,Cold,Neutral,Very Cold
2024-01-01,-2.1750111237725225,-0.3914897654143001,-0.6051274305807722,0.24015858441612314,-2.071479654398053,Very Cold,Neutral,Cold,Neutral,Very Cold
2024-02-01,-2.0503397259091343,-0.42153496886060143,-0.5571584047020862,0.2461008582447936,-1.9717620438624572,Very Cold,Neutral,Cold,Neutral,Very Cold
2024-03-01,-1.6469910857628782,-0.441565104491469,-0.5571584047020862,0.2461008582447936,-1.9717620438624572,Very Cold,Neutral,Cold,Neutral,Very Cold
2024-04-01,-1.4367608854442235,-0.42153496886060143,-0.45162654776897726,0.2461008582447936,-1.7186327248105597,Cold,Neutral,Neutral,Neutral,Very Cold
2024-05-01,-1.446539034296254,-0.4115199010451676,-0.47081415812045146,0.2490719951591287,-1.7723268227912652,Cold,Neutral,Neutral,Neutral,Very Cold
2024-06-01,-1.3438684713499343,-0.3914897654143001,-0.5251790541162957,0.2461008582447936,-1.8950561896043063,Cold,Neutral,Cold,Neutral,Very Cold
2024-07-01,-1.2925331898767745,-0.3714596297834325,-0.54436666446777,0.23421631058745296,-1.9103973604559366,Cold,Neutral,Cold,Neutral,Very Cold
2024-08-01,-1.1605281803743634,-0.3814746975988663,-0.6658881966937743,0.18964925687242545,-2.086820825249683,Cold,Neutral,Cold,Neutral,Very Cold
2024-09-01,-1.0260786336589447,-0.42153496886060143,-0.7138572225724601,0.09160173869936516,-1.948750287585012,Cold,Neutral,Cold,Neutral,Very Cold
2024-10-01,-0.9258526079256325,-0.441565104491469,-0.5923356903464561,0.02920786349832682,-1.4961857474619227,Cold,Neutral,Cold,Neutral,Cold
2024-11-01,-0.8158484333402899,-0.4716103079377703,-0.5091893788234002,0.0024676312693104286,-1.2277152575583954,Cold,Neutral,Cold,Neutral,Cold
2024-12-01,-0.8011812100622442,-0.4816253757532041,-0.49959557364766327,-0.04209942244571707,-1.089644719893724,Cold,Neutral,Neutral,Neutral,Cold
2025-01-01,-0.8085148217012671,-0.5016555113840717,-0.42284513224176573,-0.059926243931727914,-0.8595271571192719,Cold,Cold,Neutral,Neutral,Cold
2025-02-01,-0.828071119405328,-0.5016555113840717,-0.48040796329618873,-0.056955107017392814,-1.0052682802097581,Cold,Cold,Neutral,Neutral,Cold
2025-03-01,-0.7914030612102138,-0.441565104491469,-0.5347728592920328,-0.06289738084606301,-1.1203270615969843,Cold,Neutral,Cold,Neutral,Cold
2025-04-01,-0.6593980517078026,-0.3914897654143001,-0.5347728592920328,-0.059926243931727914,-1.1279976470227993,Cold,Neutral,Cold,Neutral,Cold
2025-05-01,-0.644730828429757,-0.441565104491469,-0.490001768471926,-0.048041696274387265,-1.0512917927646486,Cold,Neutral,Neutral,Neutral,Cold
2025-06-01,-0.568950174826521,-0.4816253757532041,-0.5027935087062423,-0.05398397010305746,-1.0666329636162788,Cold,Neutral,Cold,Neutral,Cold
2025-07-01,-0.568950174826521,-0.5216856470149392,-0.49959557364766327,-0.048041696274387265,-1.0743035490420938,Cold,Cold,Neutral,Neutral,Cold
