Date,MoneySupply_SubTheme_Score,Financial_Tightness_SubTheme_Score,YieldCurve_SubTheme_Score,Liquidity_Theme_Score
1971-01-01,52.94911955071545,65.75117879399865,54.9753407910802,57.84
1971-02-01,65.11069218542833,70.007582615558,66.67298356544819,67.24
1971-03-01,73.23877841867863,74.26398643711735,64.94710184463979,70.84
1971-04-01,80.81684377900224,81.52491060330685,58.235339597051606,73.6
1971-05-01,85.76703163534266,85.78131442486621,63.60474939512215,78.46
1971-06-01,87.96711512704951,78.77076695406255,54.40004688414407,73.86
1971-07-01,90.22831204908155,75.51586991404658,45.96240291574749,70.77
1971-08-01,89.49495088517926,93.04223859105569,51.90710662075417,78.26
1971-09-01,89.37272402452889,100.0,48.26357854349202,79.31
1971-10-01,89.37272402452889,95.04525215414246,48.647107814782764,77.81
1971-11-01,90.22831204908155,84.52943094793697,50.948283442527284,75.39
1971-12-01,89.86163146713042,83.02717077562191,57.27651641882472,76.85
1972-01-01,89.9838583277808,77.76926017251917,69.74121773577421,79.27
1972-02-01,88.82270315160218,68.00456905247124,75.68592144078089,77.62
1972-03-01,86.6837330902205,60.242891495510065,65.33063111593054,70.91
1972-04-01,82.34467953713201,55.23535758779317,68.01533601496583,68.67
1972-05-01,78.31119313566943,50.978953766233815,67.24827747238432,65.64
1972-06-01,77.76117226274273,52.481213938548876,62.645926216895276,64.43
1972-07-01,79.96125575444957,57.48874784626577,61.30357376737763,66.39
1972-08-01,82.2835661068068,55.73611097856486,62.45416158124989,66.98
1972-09-01,83.81140186493656,48.975940203147054,56.70122251188858,63.37
1972-10-01,85.5225779140419,45.72104316313108,53.824752977207936,61.93
1972-11-01,85.5225779140419,44.21878299081601,49.2224017217189,59.91
1972-12-01,87.23375396314722,43.21727620927263,45.19534437316599,58.84
1973-01-01,86.92818681152129,50.72857707084797,40.59299311767695,59.69
1973-02-01,82.52801982810757,66.50230888015618,40.40122848203156,63.34
1973-03-01,76.23333650461296,79.52189704022008,32.34711378492574,62.84
1973-04-01,75.3777484800603,80.52340382176347,28.320056436372827,61.55
1973-05-01,76.7222439472145,78.27001356329086,29.85417352153584,61.77
1973-06-01,76.23333650461296,79.27152034483424,14.89653194119645,56.99
1973-07-01,70.06088004176874,88.28508137872466,3.5824184381192223,54.14
1973-08-01,63.827310148599324,100.0,0.0,54.7
1973-09-01,56.00479106697497,100.0,0.0,52.04
1973-10-01,51.360170362260504,100.0,12.211827042161177,54.49
1973-11-01,50.44346890738265,100.0,0.0,50.15
1973-12-01,48.61006599762695,97.79939580338673,6.842417244090626,51.06
1974-01-01,45.37105419039185,82.77679408023606,5.50006479457299,44.56
1974-02-01,45.67662134201781,66.00155548938449,17.389472204586347,43.05
1974-03-01,49.160086870553656,64.24891862168357,6.075358701509115,39.92
1974-04-01,47.75447797307428,85.78131442486621,4.733006251991478,46.11
1974-05-01,43.41542441998577,100.0,7.993005057962888,50.4
1974-06-01,40.72643348567739,100.0,13.554179491678815,51.32
1974-07-01,40.90977377665296,100.0,25.44358690169217,55.31
1974-08-01,41.093114067628534,100.0,2.8153598955377115,47.9
1974-09-01,43.476537850310955,100.0,20.074177103621626,54.41
1974-10-01,44.88214674779033,100.0,28.895350343308955,57.8
1974-11-01,43.84321843226209,100.0,24.484763723465292,55.99
1974-12-01,41.398681219254485,100.0,25.827116172982933,55.6
1975-01-01,41.21534092827891,100.0,44.2365211949391,61.61
1975-02-01,43.35431098966057,83.27754747100776,56.70122251188858,60.93
1975-03-01,46.654436227220856,70.75871270171554,63.412984759476785,60.14
1975-04-01,51.665737513886455,60.74364488628174,70.7000409140011,60.94
1975-05-01,59.30491630453525,51.22933046161966,74.72709826255401,61.73
1975-06-01,67.43300253778557,45.971419858516924,68.78239455754733,60.8
1975-07-01,73.05543812770307,45.72104316313108,57.4682810544701,58.89
1975-08-01,76.53890365623892,46.972926640060294,58.04357496140623,60.68
1975-09-01,79.41123488152286,49.97744698469043,59.00239813963311,62.96
1975-10-01,79.59457517249842,52.98196732932057,62.262396945604515,65.09
1975-11-01,81.73354523388011,52.481213938548876,69.74121773577421,68.12
1975-12-01,85.40035105339152,47.72405672621783,69.54945310012883,67.74
1976-01-01,89.18938373355331,39.71200247387081,75.49415680513552,68.34
1976-02-01,92.4895089711136,33.702961784610544,76.26121534771703,67.73
1976-03-01,90.65610606135787,31.449571526137944,72.80945190610024,65.23
1976-04-01,90.22831204908155,32.70145500306716,72.23415799916411,65.31
1976-05-01,88.15045541802508,36.45710543385483,72.23415799916411,65.84
1976-06-01,80.81684377900224,38.20974230155574,67.4400421080297,62.34
1976-07-01,77.76117226274273,35.7059753476973,70.31651164271034,61.43
1976-08-01,79.96125575444957,32.951831698453006,70.89180554964646,61.46
1976-09-01,81.61131837322971,31.95032491690963,68.59062992190195,60.93
1976-10-01,86.01148535664342,32.200701612295475,68.2071006506112,62.38
1976-11-01,87.78377483607393,33.20220839383885,69.16592382883809,63.63
1976-12-01,89.73940460648002,32.200701612295475,68.78239455754733,63.84
1977-01-01,90.5949926310327,28.695427876893653,70.12474700706495,63.41
1977-02-01,88.76158972127698,26.44203761842105,72.61768727045487,62.87
1977-03-01,88.7004762909518,27.443544399964427,75.30239216949013,64.06
1977-04-01,88.0282285573747,31.449571526137944,74.72709826255401,64.97
1977-05-01,86.1337122172938,35.7059753476973,68.39886528625657,63.64
1977-06-01,87.60043454509837,37.458612215398205,63.796514030767526,63.2
1977-07-01,87.05041367217166,37.208235520012366,61.49533840302301,62.17
1977-08-01,85.03367047144037,37.458612215398205,57.08475178317934,60.11
1977-09-01,82.58913325843275,39.21124908309912,49.79769562865503,57.45
1977-10-01,78.18896627501906,42.215769427729256,46.53769682268363,55.87
1977-11-01,74.7666141768084,44.21878299081601,48.83887245042814,56.13
1977-12-01,70.85535463599622,43.96840629543017,51.52357734946342,55.6
1978-01-01,68.16636370168784,42.71652281850095,49.60593099300965,53.64
1978-02-01,64.0717638699001,43.718029600044325,50.756518806881914,52.96
1978-03-01,61.44388636591691,48.224810116989524,54.016517612853306,54.63
1978-04-01,59.427143165185626,54.734604197021476,56.125928604952456,56.79
1978-05-01,59.427143165185626,60.99402158166759,57.66004569011547,59.36
1978-06-01,58.632668570958145,65.25042540322696,53.63298834156256,59.17
1978-07-01,56.61592537022687,65.0000487078411,51.715341985108786,57.77
1978-08-01,55.7603373456742,62.24590505859682,45.96240291574749,54.67
1978-09-01,56.55481193990168,66.25193218477034,31.388290606698853,51.45
1978-10-01,56.00479106697497,82.77679408023606,32.92240769186187,57.22
1978-11-01,54.90474932112155,97.29864241261505,23.717705180883787,58.6
1978-12-01,54.11027472689407,97.0482657172292,19.11535392539474,56.73
1979-01-01,51.971304665512406,83.5279241663936,15.663590483777961,50.4
1979-02-01,51.971304665512406,69.5068292247863,16.23888439071409,45.97
1979-03-01,53.3158001326666,59.24138471396668,13.554179491678815,42.15
1979-04-01,55.882564206324595,56.236864369336544,15.088296576841831,42.54
1979-05-01,54.5991821694956,59.24138471396668,13.554179491678815,42.59
1979-06-01,56.55481193990168,67.00306227092787,17.58123684023173,47.14
1979-07-01,59.18268944388486,76.01662330481827,14.89653194119645,50.12
1979-08-01,59.916050607787156,86.53244451102373,11.061239228288915,52.58
1979-09-01,57.6548536857551,99.55203267108766,2.6235952598923418,53.32
1979-10-01,56.92149252185283,100.0,0.0,52.35
1979-11-01,56.12701792762535,100.0,0.0,52.08
1979-12-01,56.24924478827573,100.0,0.0,52.12
1980-01-01,57.593740255429914,94.04374537259908,0.0,50.62
1980-02-01,59.916050607787156,100.0,11.828297770870428,57.27
1980-03-01,57.41039996445435,100.0,0.0,52.52
1980-04-01,51.72685094421164,100.0,0.0,50.59
1980-05-01,52.33798524746355,100.0,51.14004807817266,67.67
1980-06-01,53.68248071461774,98.04977249877258,72.4259226348095,74.51
1980-07-01,55.271429903072686,75.51586991404658,62.45416158124989,64.32
1980-08-01,56.61592537022687,70.007582615558,58.235339597051606,61.57
1980-09-01,58.510441710307774,77.01813008636165,44.2365211949391,59.91
1980-10-01,60.16050432908791,90.53847163719725,22.95064663830228,57.91
1980-11-01,62.23836096014438,100.0,0.322419632147819,54.27
1980-12-01,60.40495805038868,100.0,0.0,53.54
1981-01-01,59.30491630453525,100.0,0.0,53.16
1981-02-01,58.81600886193373,100.0,0.0,53.0
1981-03-01,63.827310148599324,93.29261528644153,15.855355119423342,57.72
1981-04-01,71.95539638184965,94.54449876337077,20.265941739267003,62.35
1981-05-01,69.44974573851684,100.0,0.0,56.61
1981-06-01,64.49955788217643,100.0,0.0,54.93
1981-07-01,62.05502066916881,100.0,7.609475786672132,56.61
1981-08-01,60.03827746843753,100.0,9.527122143125904,56.56
1981-09-01,59.36602973486044,100.0,32.34711378492574,63.86
1981-10-01,60.893865492990194,100.0,51.33181271381804,70.64
1981-11-01,61.81056694786804,100.0,68.97415919319269,76.78
1981-12-01,67.55522939843594,100.0,75.49415680513552,80.88
1982-01-01,70.2442203327443,98.30014919415842,64.75533720899442,77.69
1982-02-01,66.94409509518404,98.80090258493013,38.675346761223174,68.13
1982-03-01,64.0717638699001,100.0,43.08593338106684,69.0
1982-04-01,61.382772935591724,100.0,42.89416874542146,68.03
1982-05-01,63.64396985762376,100.0,49.79769562865503,71.07
1982-06-01,65.04957875510314,100.0,55.55063469801633,73.45
1982-07-01,62.421701251119956,100.0,70.31651164271034,77.43
1982-08-01,62.54392811177034,100.0,100.0,87.26
1982-09-01,62.66615497242072,100.0,100.0,87.31
1982-10-01,60.58829834136424,100.0,81.82238978143295,80.6
1982-11-01,60.03827746843753,86.2820678156379,68.01533601496583,71.33
1982-12-01,60.466071480713865,68.00456905247124,70.31651164271034,66.2
1983-01-01,73.36100527932902,58.49025462780914,70.31651164271034,67.45
1983-02-01,84.66698988948922,52.73159063393472,70.50827627835572,69.46
1983-03-01,86.31705250826937,50.47820037546212,61.87886767431377,66.43
1983-04-01,84.23919587721291,48.72556350776121,62.45416158124989,65.33
1983-05-01,84.72810331981442,45.72104316313108,62.45416158124989,64.51
1983-06-01,84.23919587721291,44.96991307697355,59.961221317859994,63.27
1983-07-01,85.95037192631823,46.722549944674455,64.56357257334903,65.95
1983-08-01,83.87251529526176,47.72405672621783,68.59062992190195,66.9
1983-09-01,82.03911238550606,47.473680030831986,71.27533482093722,67.08
1983-10-01,83.07804070103428,48.975940203147054,76.06945071207164,69.51
1983-11-01,82.2835661068068,51.47970715700551,76.64474461900778,70.26
1983-12-01,77.8833991233931,51.980460547777184,74.72709826255401,68.29
1984-01-01,63.888423578924524,48.975940203147054,73.57651044868176,62.16
1984-02-01,57.471513394779535,45.47066646774523,73.19298117739099,58.7
1984-03-01,56.61592537022687,46.47217324928861,74.15180435561787,59.06
1984-04-01,57.22705967347878,54.734604197021476,76.83650925465315,62.88
1984-05-01,56.24924478827573,67.00306227092787,89.10944593595727,70.64
1984-06-01,56.188131357950546,77.76926017251917,91.2188569280564,74.87
1984-07-01,55.088089612097114,77.51888347713334,82.58944832401446,71.57
1984-08-01,54.171388157219255,68.2549457478571,63.60474939512215,61.93
1984-09-01,55.393656763723065,59.99251480012422,61.68710303866839,58.99
1984-10-01,54.5991821694956,54.484227501635644,66.86474820109356,58.61
1984-11-01,57.04371938250321,48.975940203147054,77.2200385259439,61.04
1984-12-01,60.71052520201462,44.21878299081601,86.42474103692199,63.75
1985-01-01,63.58285642729857,40.71350925541419,89.87650447853876,64.71
1985-02-01,63.58285642729857,40.46313256002834,82.58944832401446,62.23
1985-03-01,61.74945351754286,42.215769427729256,84.50709468046821,62.81
1985-04-01,59.30491630453525,41.96539273234341,87.1917995795035,62.79
1985-05-01,59.488256595510826,39.21124908309912,85.08238858740435,61.24
1985-06-01,62.60504154209552,38.20974230155574,82.01415441707832,60.96
1985-07-01,64.682898173152,40.46313256002834,82.39768368836909,62.54
1985-08-01,66.63852794355809,44.469159686201856,81.63062514578758,64.27
1985-09-01,65.84405334933061,46.22179655390276,83.16474223095058,65.08
1985-10-01,64.682898173152,44.21878299081601,79.52121415368842,62.83
1985-11-01,60.71052520201462,41.46463934157172,69.16592382883809,57.15
1985-12-01,57.28817310380398,42.215769427729256,61.87886767431377,53.83
1986-01-01,52.58243896876431,43.21727620927263,61.11180913173225,52.31
1986-02-01,49.34342716152923,42.4661461231151,51.90710662075417,47.92
1986-03-01,51.176830071284925,41.46463934157172,43.85299192364835,45.55
1986-04-01,55.02697618177193,39.96237916925665,44.2365211949391,46.49
1986-05-01,58.02153426770625,37.70898891078405,50.37298953559116,48.79
1986-06-01,56.79926566120245,38.20974230155574,50.948283442527284,48.73
1986-07-01,57.6548536857551,37.9593656061699,48.647107814782764,48.18
1986-08-01,58.75489543160853,35.45559865231145,51.90710662075417,48.81
1986-09-01,60.71052520201462,35.205221956925605,63.412984759476785,53.19
1986-10-01,62.421701251119956,36.20672873846898,63.60474939512215,54.16
1986-11-01,63.21617584534742,35.7059753476973,56.89298714753397,52.05
1986-12-01,65.966280209981,36.45710543385483,50.756518806881914,51.21
1987-01-01,67.1274353861596,37.458612215398205,52.09887125639955,52.38
1987-02-01,65.17180561575351,37.9593656061699,52.290635892044925,51.94
1987-03-01,61.32165950526654,42.215769427729256,52.290635892044925,52.04
1987-04-01,58.265987989007016,52.73159063393472,66.09768965851205,59.02
1987-05-01,52.58243896876431,63.497788535526034,77.02827389029854,64.25
1987-06-01,47.87670483372466,62.74665844936851,72.80945190610024,61.01
1987-07-01,43.53765128063615,54.484227501635644,73.38474581303636,57.0
1987-08-01,40.78754691600258,49.97744698469043,72.61768727045487,54.32
1987-09-01,38.28189627266978,56.98799445549408,78.37062633981617,57.68
1987-10-01,37.05962766616597,72.2609728740306,85.46591785869511,64.65
1987-11-01,34.676203883483545,78.27001356329086,81.24709587449682,64.43
1987-12-01,30.15381003941946,73.51285635095982,82.2059190527237,61.64
1988-01-01,31.131624924622507,63.497788535526034,75.30239216949013,56.39
1988-02-01,35.409565047385826,54.734604197021476,69.35768846448346,52.99
1988-03-01,38.52634999397054,52.73159063393472,71.65886409222799,54.15
1988-04-01,39.68750517014916,54.98498089240732,74.34356899126325,56.17
1988-05-01,41.826475231530814,56.236864369336544,74.72709826255401,57.44
1988-06-01,44.14878558388805,56.737617760108236,67.63180674367506,56.05
1988-07-01,45.0654870387659,59.49176140935253,65.13886648028517,56.45
1988-08-01,43.96544529291248,60.49326819089591,62.645926216895276,55.58
1988-09-01,42.43760953478272,57.48874784626577,53.824752977207936,51.16
1988-10-01,40.78754691600258,54.98498089240732,48.26357854349202,47.94
1988-11-01,43.04874383803462,53.98347411086395,43.46946265235759,46.8
1988-12-01,43.04874383803462,53.48272072009226,40.40122848203156,45.62
1989-01-01,39.07637086689725,53.98347411086395,36.18240649783328,43.04
1989-02-01,34.00395614990646,57.48874784626577,32.73064305621649,41.33
1989-03-01,31.131624924622507,65.25042540322696,30.812996699762728,42.29
1989-04-01,28.075953408363,67.00306227092787,30.621232064117347,41.76
1989-05-01,25.99809677730652,61.244398277053435,28.70358570766358,38.52
1989-06-01,26.731457941208802,56.98799445549408,22.95064663830228,35.47
1989-07-01,29.9093563181187,55.48573428317901,23.142411273947655,36.12
1989-08-01,33.45393527697974,55.23535758779317,24.484763723465292,37.68
1989-09-01,36.14292621128812,57.98950123703746,28.895350343308955,40.96
1989-10-01,38.7708037152713,58.49025462780914,27.55299789379132,41.58
1989-11-01,39.50416487917358,54.2338508062498,23.90946981652916,39.22
1989-12-01,41.704248370880435,50.72857707084797,24.484763723465292,39.0
1990-01-01,43.84321843226209,51.22933046161966,31.388290606698853,42.17
1990-02-01,46.28775564526971,51.22933046161966,34.45652477702488,44.01
1990-03-01,46.898889948521614,51.22933046161966,33.68946623444338,43.97
1990-04-01,47.87670483372466,52.481213938548876,40.01769921074081,46.8
1990-05-01,46.471095936245284,50.978953766233815,40.01769921074081,45.83
1990-06-01,45.61550791169262,46.972926640060294,34.840054048315636,42.51
1990-07-01,42.559836395433095,46.972926640060294,36.75770040476941,42.1
1990-08-01,41.398681219254485,51.73008385239134,45.38710900881136,46.12
1990-09-01,40.11529918242549,57.48874784626577,49.79769562865503,49.04
1990-10-01,36.57072022356444,60.74364488628174,50.181224899945775,49.04
1990-11-01,33.33170841632936,61.244398277053435,45.96240291574749,46.71
1990-12-01,31.192738354947704,62.496281753982664,46.154167551392874,46.46
1991-01-01,31.43719207624846,61.49477497243928,56.31769324059783,49.57
1991-02-01,32.170553240150745,55.23535758779317,57.08475178317934,48.0
1991-03-01,33.33170841632936,48.224810116989524,62.645926216895276,47.92
1991-04-01,33.0872546950286,44.7195363815877,66.28945429415744,47.88
1991-05-01,35.287338186735454,43.718029600044325,70.50827627835572,49.69
1991-06-01,34.370636731857594,43.718029600044325,72.4259226348095,50.01
1991-07-01,33.02614126470341,40.963885950800034,72.04239336351873,48.52
1991-08-01,29.42044887551718,37.208235520012366,69.74121773577421,45.3
1991-09-01,26.914798232184378,35.95635204308314,67.05651283673893,43.15
1991-10-01,26.975911662509567,35.45559865231145,69.16592382883809,43.7
1991-11-01,27.342592244460707,34.70446856615392,75.30239216949013,45.6
1991-12-01,26.85368480185919,33.4525850892247,78.37062633981617,46.03
1992-01-01,25.448075904379806,33.20220839383885,82.39768368836909,46.8
1992-02-01,25.75364305600576,33.4525850892247,87.57532885079425,48.7
1992-03-01,23.18687898234777,33.20220839383885,87.57532885079425,47.74
1992-04-01,20.4367746177142,31.699948221523783,91.98591547063792,47.76
1992-05-01,18.236691126007354,29.196181267665338,92.56120937757404,46.38
1992-06-01,15.669927052349358,27.443544399964427,89.49297520724802,43.92
1992-07-01,14.997679318772272,26.44203761842105,90.06826911418415,43.55
1992-08-01,16.09772106462569,26.94279100919274,86.80827030821274,43.01
1992-09-01,18.175577695682165,28.695427876893653,87.76709348643963,44.61
1992-10-01,19.703413453811926,31.699948221523783,91.98591547063792,47.52
1992-11-01,19.15339258088521,32.200701612295475,92.17768010628329,47.56
1992-12-01,17.62555682275545,29.196181267665338,88.53415202902113,44.84
1993-01-01,14.936565888447074,26.44203761842105,89.49297520724802,43.34
1993-02-01,10.719739196008943,25.941284227649362,84.31533004482284,40.03
1993-03-01,9.497470589505136,25.69090753226352,78.56239097546154,37.63
1993-04-01,10.169718323082227,24.939777446105975,79.90474342497917,38.06
1993-05-01,14.997679318772272,25.190154141491828,79.52121415368842,39.65
1993-06-01,16.89219565885316,24.689400750720132,75.87768607642627,38.93
1993-07-01,16.76996879820278,23.187140578405057,73.57651044868176,37.63
1993-08-01,16.52551507690202,22.436010492247533,71.4670994565826,36.61
1993-09-01,15.60881362202417,23.187140578405057,66.67298356544819,34.96
1993-10-01,13.95875100324403,24.689400750720132,64.75533720899442,34.26
1993-11-01,15.853267343324928,26.191660923035204,70.7000409140011,37.36
1993-12-01,16.953309089178358,25.440530836877674,72.4259226348095,38.06
1994-01-01,18.05335083503178,24.43902405533429,73.57651044868176,38.48
1994-02-01,19.031165720234828,25.69090753226352,72.61768727045487,38.91
1994-03-01,20.31454775706382,28.695427876893653,77.60356779723466,41.99
1994-04-01,20.620114908689775,31.1991948307521,83.54827150224133,44.88
1994-05-01,17.68667025308064,31.699948221523783,78.75415561110692,42.46
1994-06-01,14.692112167146314,31.699948221523783,77.2200385259439,40.94
1994-07-01,16.281061355601263,31.1991948307521,77.41180316158929,41.38
1994-08-01,15.181019609747842,29.696934658437023,73.38474581303636,39.18
1994-09-01,14.080977863894411,30.948818135366253,74.91886289819938,39.72
1994-10-01,12.980936118040981,33.95333847999639,73.9600397199725,40.02
1994-11-01,11.086419777960089,36.20672873846898,71.65886409222799,39.37
1994-12-01,10.169718323082227,39.21124908309912,62.83769085254065,37.13
1995-01-01,11.147533208285276,38.46011899694158,60.152985953505365,36.33
1995-02-01,10.59751233535856,35.205221956925605,53.057694434626434,32.73
1995-03-01,10.047491462431852,33.95333847999639,48.647107814782764,30.67
1995-04-01,11.208646638610464,33.4525850892247,47.4965200009105,30.52
1995-05-01,13.95875100324403,32.200701612295475,38.867111396868545,28.2
1995-06-01,20.253434326738635,32.45107830768132,33.88123087008875,28.78
1995-07-01,21.96461037584396,32.951831698453006,36.949465040414786,30.54
1995-08-01,26.181437068282086,32.200701612295475,41.36005166025845,33.18
1995-09-01,28.442633990314135,32.200701612295475,38.10005285428705,32.87
1995-10-01,30.76494434267137,32.200701612295475,35.03181868396101,32.65
1995-11-01,31.376078645923272,31.1991948307521,31.388290606698853,31.32
1995-12-01,33.14836812535379,31.1991948307521,31.388290606698853,31.92
1996-01-01,35.287338186735454,30.698441439980407,32.92240769186187,32.99
1996-02-01,38.22078284234458,29.446557963051184,39.250640668159306,35.67
1996-03-01,42.37649610445754,30.698441439980407,45.57887364445674,39.58
1996-04-01,42.743176686408674,32.45107830768132,50.37298953559116,41.86
1996-05-01,40.23752604307587,32.200701612295475,53.44122370591718,41.94
1996-06-01,37.976329121043825,32.200701612295475,55.358870062370954,41.81
1996-07-01,37.18185452681635,32.200701612295475,53.44122370591718,40.9
1996-08-01,34.49286359250798,31.449571526137944,50.948283442527284,38.92
1996-09-01,33.75950242860569,31.449571526137944,53.824752977207936,39.62
1996-10-01,35.04288446543469,31.1991948307521,49.989460264300405,38.71
1996-11-01,37.670761969417875,30.44806474459456,42.89416874542146,37.01
1996-12-01,39.931958891449916,31.449571526137944,47.11299072961975,39.5
1997-01-01,39.38193801852321,32.45107830768132,50.181224899945775,40.66
1997-02-01,38.893030575921685,31.449571526137944,47.4965200009105,39.28
1997-03-01,36.99851423584079,31.95032491690963,50.181224899945775,39.68
1997-04-01,37.73187539974307,33.4525850892247,53.63298834156256,41.57
1997-05-01,37.670761969417875,34.20371517538223,52.290635892044925,41.35
1997-06-01,38.22078284234458,33.95333847999639,50.37298953559116,40.82
1997-07-01,38.64857685462092,33.4525850892247,42.89416874542146,38.33
1997-08-01,42.926516977384246,33.4525850892247,42.70240410977608,39.73
1997-09-01,43.84321843226209,34.20371517538223,44.620050466229856,40.92
1997-10-01,43.659878141286526,35.95635204308314,40.78475775332232,40.17
1997-11-01,43.476537850310955,37.9593656061699,34.648289412670266,38.74
1997-12-01,42.37649610445754,37.458612215398205,32.92240769186187,37.63
1998-01-01,43.41542441998577,35.7059753476973,30.04593815718122,36.46
1998-02-01,46.654436227220856,34.20371517538223,29.662408885890468,36.94
1998-03-01,48.121158555025424,33.95333847999639,32.34711378492574,38.24
1998-04-01,49.587880882829985,34.454091870768075,33.68946623444338,39.35
1998-05-01,51.360170362260504,35.205221956925605,32.92240769186187,39.94
1998-06-01,51.60462408356127,35.95635204308314,30.429467428471973,39.45
1998-07-01,51.665737513886455,36.45710543385483,30.04593815718122,39.51
1998-08-01,50.01567489510632,39.96237916925665,28.895350343308955,39.73
1998-09-01,53.37691356299179,45.971419858516924,24.292999087819922,41.34
1998-10-01,56.43258507925131,49.97744698469043,31.388290606698853,46.04
1998-11-01,58.57155514063296,47.97443342160368,28.511821072018208,45.15
1998-12-01,60.03827746843753,45.72104316313108,25.44358690169217,43.9
1999-01-01,60.34384462006349,43.96840629543017,27.744762529436702,44.18
1999-02-01,58.44932827998258,41.715016036957564,31.19652597105348,43.93
1999-03-01,55.393656763723065,40.212755864642496,35.60711259089715,43.85
1999-04-01,55.515883624373444,39.461625778484965,37.52475894735091,44.28
1999-05-01,55.271429903072686,39.461625778484965,40.40122848203156,45.15
1999-06-01,55.393656763723065,40.963885950800034,45.96240291574749,47.52
1999-07-01,56.31035821860092,43.46765290465848,44.2365211949391,48.09
1999-08-01,54.90474932112155,45.72104316313108,43.85299192364835,48.23
1999-09-01,51.237943501610125,46.972926640060294,44.2365211949391,47.52
1999-10-01,48.48783913697656,47.72405672621783,44.42828583058448,46.9
1999-11-01,45.37105419039185,46.22179655390276,38.867111396868545,43.51
1999-12-01,44.94326017811552,45.72104316313108,41.16828702461308,43.95
2000-01-01,44.821033317465144,44.96991307697355,46.154167551392874,45.31
2000-02-01,43.29319755933538,44.7195363815877,39.05887603251393,42.37
2000-03-01,46.593322796895656,46.722549944674455,31.388290606698853,41.62
2000-04-01,50.07678832543151,48.72556350776121,26.785939351209816,41.94
2000-05-01,44.821033317465144,50.22782368007628,32.92240769186187,42.68
2000-06-01,44.087672153562856,50.47820037546212,28.320056436372827,40.99
2000-07-01,42.559836395433095,48.224810116989524,22.183588095720776,37.71
2000-08-01,43.904331862587284,45.72104316313108,15.471825848132582,35.12
2000-09-01,46.40998250592009,44.96991307697355,16.622413662004842,36.1
2000-10-01,45.18771389941629,45.47066646774523,13.362414856033439,34.78
2000-11-01,44.02655872323767,46.722549944674455,11.828297770870428,34.29
2000-12-01,46.10441535429414,47.97443342160368,10.29418068570741,34.9
2001-01-01,48.79340628860251,45.72104316313108,20.649471010557757,38.49
2001-02-01,51.971304665512406,43.21727620927263,24.676528359110673,40.08
2001-03-01,55.2103164727475,43.46765290465848,29.470644250245087,42.84
2001-04-01,55.699223915349016,42.4661461231151,44.81181510187523,47.74
2001-05-01,57.10483281282839,39.96237916925665,54.40004688414407,50.56
2001-06-01,60.16050432908791,38.71049569232743,54.78357615543482,51.31
2001-07-01,61.504999796242096,37.70898891078405,53.63298834156256,51.05
2001-08-01,61.93279380851844,37.9593656061699,51.33181271381804,50.52
2001-09-01,71.03869492697179,40.963885950800034,60.536515224796126,57.65
2001-10-01,67.37188910746038,40.963885950800034,66.67298356544819,58.43
2001-11-01,71.28314864827256,39.96237916925665,73.76827508432712,61.77
2001-12-01,71.71094266054888,40.71350925541419,85.65768249434048,66.08
2002-01-01,67.37188910746038,39.21124908309912,85.46591785869511,64.05
2002-02-01,65.72182648868024,37.70898891078405,81.63062514578758,61.73
2002-03-01,59.549370025836,37.458612215398205,87.38356421514888,61.44
2002-04-01,51.29905693193532,36.20672873846898,87.57532885079425,58.29
2002-05-01,54.5991821694956,34.20371517538223,86.23297640127662,58.31
2002-06-01,52.09353152616279,35.45559865231145,82.39768368836909,56.6
2002-07-01,53.37691356299179,37.9593656061699,77.41180316158929,56.22
2002-08-01,54.04916129656888,39.71200247387081,71.08357018529186,54.94
2002-09-01,43.17097069868501,40.71350925541419,63.412984759476785,49.04
2002-10-01,49.64899431315518,40.71350925541419,65.7141603872213,52.0
2002-11-01,50.1379017557567,38.96087238771327,74.53533362690862,54.5
2002-12-01,46.16552878461933,38.20974230155574,74.91886289819938,53.03
2003-01-01,47.38779739112313,37.208235520012366,75.68592144078089,53.37
2003-02-01,47.937818264049845,36.45710543385483,72.80945190610024,52.36
2003-03-01,48.79340628860251,35.7059753476973,71.85062872787336,52.08
2003-04-01,52.888006120390266,33.4525850892247,74.72709826255401,53.68
2003-05-01,56.37147164892612,31.95032491690963,68.39886528625657,52.28
2003-06-01,57.471513394779535,31.95032491690963,66.67298356544819,52.09
2003-07-01,57.593740255429914,31.95032491690963,79.52121415368842,56.37
2003-08-01,58.93823572258411,32.70145500306716,87.57532885079425,59.73
2003-09-01,53.13245984169102,32.951831698453006,84.31533004482284,56.76
2003-10-01,46.96000337884681,32.200701612295475,85.08238858740435,54.67
2003-11-01,41.76536180120563,31.95032491690963,85.08238858740435,52.82
2003-12-01,39.25971115787282,31.95032491690963,85.08238858740435,51.97
2004-01-01,36.44849336291407,30.698441439980407,83.16474223095058,49.97
2004-02-01,36.69294708421483,29.696934658437023,80.86356660320607,48.96
2004-03-01,38.22078284234458,29.446557963051184,75.87768607642627,47.75
2004-04-01,38.46523656364534,30.44806474459456,85.84944712998586,51.46
2004-05-01,39.87084546112472,31.95032491690963,91.4106215637018,54.27
2004-06-01,36.14292621128812,32.70145500306716,86.80827030821274,51.73
2004-07-01,32.53723382210188,32.45107830768132,81.24709587449682,48.58
2004-08-01,29.175995154216416,32.200701612295475,74.15180435561787,45.02
2004-09-01,35.470678477711026,32.200701612295475,68.01533601496583,45.13
2004-10-01,39.25971115787282,32.200701612295475,65.33063111593054,45.53
2004-11-01,41.3375677889293,31.95032491690963,61.11180913173225,44.77
2004-12-01,43.35431098966057,32.200701612295475,59.57769204656924,45.03
2005-01-01,43.10985726835981,32.45107830768132,56.70122251188858,44.08
2005-02-01,39.748618600474344,31.95032491690963,51.715341985108786,41.12
2005-03-01,36.93740080551559,32.70145500306716,54.2082822484987,41.24
2005-04-01,34.00395614990646,34.20371517538223,50.37298953559116,39.47
2005-05-01,27.89261311738742,34.70446856615392,45.38710900881136,35.91
2005-06-01,30.826057772996563,34.70446856615392,40.20946384638619,35.2
2005-07-01,32.598347252427075,34.454091870768075,38.867111396868545,35.28
2005-08-01,33.0872546950286,34.70446856615392,36.18240649783328,34.64
2005-09-01,32.903914404053026,35.45559865231145,35.41534795525177,34.57
2005-10-01,33.392821846654556,35.45559865231145,34.840054048315636,34.55
2005-11-01,32.35389353112632,35.205221956925605,33.11417232750725,33.55
2005-12-01,33.14836812535379,35.7059753476973,31.58005524234423,33.47
2006-01-01,36.50960679323926,35.205221956925605,23.90946981652916,31.92
2006-02-01,38.03744255136902,34.20371517538223,23.142411273947655,31.86
2006-03-01,38.52634999397054,33.95333847999639,24.484763723465292,32.38
2006-04-01,40.72643348567739,34.20371517538223,27.93652716508207,34.35
2006-05-01,39.68750517014916,34.95484526153977,27.93652716508207,34.25
2006-06-01,40.0541857521003,36.20672873846898,26.59417471556444,34.34
2006-07-01,40.78754691600258,36.45710543385483,23.142411273947655,33.54
2006-08-01,40.48197976437663,35.205221956925605,18.923589289749366,31.63
2006-09-01,39.748618600474344,34.70446856615392,18.731824654103985,31.15
2006-10-01,41.03200063730334,34.454091870768075,16.814178297650223,30.87
2006-11-01,42.68206325608348,34.20371517538223,13.937708762969569,30.4
2006-12-01,43.96544529291248,34.20371517538223,14.89653194119645,31.15
2007-01-01,43.35431098966057,33.20220839383885,16.23888439071409,31.06
2007-02-01,42.43760953478272,32.951831698453006,14.5130026699057,30.09
2007-03-01,44.087672153562856,34.20371517538223,13.170650220388058,30.62
2007-04-01,47.082230239497186,34.95484526153977,17.005942933295596,33.16
2007-05-01,47.632251112423894,35.7059753476973,20.84123564620313,34.86
2007-06-01,46.96000337884681,36.45710543385483,29.85417352153584,37.85
2007-07-01,45.79884820266818,39.71200247387081,23.90946981652916,36.57
2007-08-01,49.5267674525048,50.978953766233815,29.470644250245087,43.39
2007-09-01,48.61006599762695,53.98347411086395,32.538878420571116,45.08
2007-10-01,45.30994076006667,49.72707028930459,32.538878420571116,42.55
2007-11-01,44.271012444538435,56.737617760108236,37.332994311705534,46.1
2007-12-01,42.926516977384246,63.748165230911894,41.551816295903826,49.34
2008-01-01,42.37649610445754,60.74364488628174,39.44240530380468,47.47
2008-02-01,48.304498846000996,65.0000487078411,51.52357734946342,54.88
2008-03-01,50.871262919658975,73.26247965557397,63.60474939512215,62.46
2008-04-01,47.937818264049845,69.25645252940046,66.28945429415744,61.03
2008-05-01,47.75447797307428,62.74665844936851,61.68710303866839,57.3
2008-06-01,46.3488690755949,65.75117879399865,63.412984759476785,58.38
2008-07-01,47.57113768209871,68.50532244324293,66.09768965851205,60.59
2008-08-01,42.07092895283158,68.00456905247124,62.07063230995914,57.23
2008-09-01,45.98218849364376,84.52943094793697,69.54945310012883,66.48
2008-10-01,53.07134641136584,100.0,80.6718019675607,77.67
2008-11-01,55.088089612097114,100.0,84.50709468046821,79.62
2008-12-01,66.94409509518404,100.0,66.28945429415744,77.64
2009-01-01,70.79424120567103,100.0,66.28945429415744,78.95
2009-02-01,65.59959962802986,100.0,69.74121773577421,78.32
2009-03-01,65.17180561575351,100.0,70.50827627835572,78.43
2009-04-01,61.87168037819324,89.53696485565388,73.57651044868176,74.86
2009-05-01,65.35514590672908,75.76624660943241,80.09650806062456,73.66
2009-06-01,64.56067131250161,69.00607583401462,88.34238739337576,73.88
2009-07-01,60.83275206266501,63.497788535526034,85.27415322304972,69.78
2009-08-01,59.549370025836,56.98799445549408,86.04121176563125,67.45
2009-09-01,53.80470757526812,53.48272072009226,83.35650686659596,63.45
2009-10-01,47.38779739112313,50.978953766233815,84.12356540917747,60.7
2009-11-01,45.37105419039185,49.72707028930459,84.69885931611361,59.79
2009-12-01,31.009398063972128,47.22330333544614,88.34238739337576,55.28
2010-01-01,22.025723806169147,44.7195363815877,90.83532765676566,52.22
2010-02-01,23.37021927332334,44.469159686201856,89.10944593595727,52.03
2010-03-01,18.05335083503178,40.963885950800034,89.10944593595727,49.06
2010-04-01,20.00898060543787,39.21124908309912,91.2188569280564,49.84
2010-05-01,19.642300023486726,45.72104316313108,82.9729775953052,49.15
2010-06-01,20.31454775706382,48.72556350776121,79.52121415368842,49.23
2010-07-01,20.803455199665343,45.22028977235939,75.11062753384476,46.78
2010-08-01,24.34803415852638,43.21727620927263,69.16592382883809,45.36
2010-09-01,26.67034451088362,42.215769427729256,68.39886528625657,45.57
2010-10-01,28.320407129663757,39.71200247387081,66.67298356544819,44.74
2010-11-01,27.58704596576147,38.71049569232743,70.7000409140011,45.49
2010-12-01,30.398263760720223,37.458612215398205,80.86356660320607,49.38
2011-01-01,34.55397702283317,35.45559865231145,82.58944832401446,50.7
2011-02-01,35.409565047385826,34.95484526153977,86.61650567256738,52.16
2011-03-01,39.87084546112472,35.95635204308314,83.93180077353209,53.12
2011-04-01,42.07092895283158,35.205221956925605,85.65768249434048,54.19
2011-05-01,43.10985726835981,35.205221956925605,80.48003733191531,52.83
2011-06-01,46.898889948521614,36.45710543385483,77.2200385259439,53.46
2011-07-01,57.53262682510473,38.20974230155574,77.2200385259439,57.65
2011-08-01,66.94409509518404,43.96840629543017,64.1800433020583,58.45
2011-09-01,66.02739364030619,48.47518681237536,58.235339597051606,57.66
2011-10-01,64.49955788217643,47.72405672621783,61.30357376737763,57.91
2011-11-01,66.51630108290772,47.473680030831986,58.81063350398773,57.69
2011-12-01,67.31077567713517,47.22330333544614,58.235339597051606,57.69
2012-01-01,70.61090091469546,43.21727620927263,57.66004569011547,57.3
2012-02-01,69.38863230819165,40.212755864642496,56.50945787624321,55.51
2012-03-01,67.98302341071228,38.96087238771327,60.536515224796126,55.95
2012-04-01,66.94409509518404,39.71200247387081,58.235339597051606,55.08
2012-05-01,64.49955788217643,42.215769427729256,53.24945907027181,53.43
2012-06-01,63.76619671827414,43.46765290465848,49.79769562865503,52.46
2012-07-01,55.63811048502383,41.46463934157172,47.880049272201255,48.4
2012-08-01,47.32668396079794,39.21124908309912,50.756518806881914,45.78
2012-09-01,51.05460321063455,37.208235520012366,51.33181271381804,46.58
2012-10-01,53.07134641136584,36.20672873846898,52.09887125639955,47.19
2012-11-01,53.9269344359185,35.95635204308314,50.37298953559116,46.82
2012-12-01,58.44932827998258,35.205221956925605,52.09887125639955,48.68
2013-01-01,54.90474932112155,33.95333847999639,55.74239933366171,48.27
2013-02-01,52.6435523990895,33.4525850892247,56.50945787624321,47.59
2013-03-01,53.193573272016216,33.4525850892247,56.31769324059783,47.71
2013-04-01,51.360170362260504,32.45107830768132,53.057694434626434,45.68
2013-05-01,50.626809198358224,31.95032491690963,56.70122251188858,46.47
2013-06-01,49.5267674525048,33.4525850892247,63.60474939512215,48.87
2013-07-01,48.48783913697656,33.702961784610544,69.16592382883809,50.43
2013-08-01,47.44891082144833,32.951831698453006,72.23415799916411,50.84
2013-09-01,45.98218849364376,32.951831698453006,73.9600397199725,50.91
2013-10-01,49.160086870553656,32.200701612295475,69.74121773577421,50.36
2013-11-01,45.37105419039185,30.948818135366253,71.27533482093722,49.16
2013-12-01,41.52090807990486,30.197688049208715,74.72709826255401,48.74
2014-01-01,44.209899014213235,30.44806474459456,74.53533362690862,49.68
2014-02-01,46.83777651819642,30.44806474459456,71.4670994565826,49.56
2014-03-01,45.432167620717046,30.197688049208715,71.65886409222799,49.06
2014-04-01,46.3488690755949,30.44806474459456,71.85062872787336,49.52
2014-05-01,47.937818264049845,30.197688049208715,68.97415919319269,49.03
2014-06-01,47.632251112423894,29.94731135382287,69.54945310012883,49.03
2014-07-01,48.36561227632618,30.948818135366253,68.59062992190195,49.29
2014-08-01,46.22664221494452,31.699948221523783,66.28945429415744,48.05
2014-09-01,44.88214674779033,32.45107830768132,68.59062992190195,48.6
2014-10-01,41.704248370880435,33.702961784610544,64.1800433020583,46.48
2014-11-01,43.41542441998577,33.4525850892247,64.75533720899442,47.17
2014-12-01,44.271012444538435,34.70446856615392,62.262396945604515,47.05
2015-01-01,45.00437360844071,36.707482129240674,55.93416396930708,45.87
2015-02-01,47.57113768209871,36.95785882462652,58.04357496140623,47.52
2015-03-01,45.37105419039185,36.20672873846898,59.00239813963311,46.85
2015-04-01,44.63769302648958,35.95635204308314,57.27651641882472,45.94
2015-05-01,42.43760953478272,35.95635204308314,62.262396945604515,46.84
2015-06-01,41.45979464957967,36.20672873846898,65.33063111593054,47.6
2015-07-01,40.72643348567739,36.707482129240674,64.37180793770366,47.2
2015-08-01,41.76536180120563,38.71049569232743,60.7282798604415,47.02
2015-09-01,42.68206325608348,39.96237916925665,61.68710303866839,48.06
2015-10-01,41.276454358604106,38.96087238771327,59.76945668221462,46.62
2015-11-01,43.84321843226209,38.46011899694158,61.49533840302301,47.89
2015-12-01,42.926516977384246,40.212755864642496,59.00239813963311,47.34
2016-01-01,45.248827329741474,42.4661461231151,55.55063469801633,47.73
2016-02-01,42.620949825758295,42.96689951388679,48.647107814782764,44.72
2016-03-01,45.30994076006667,41.21426264618588,51.14004807817266,45.88
2016-04-01,47.51002425177352,40.212755864642496,50.756518806881914,46.17
2016-05-01,49.465654022179606,40.46313256002834,49.989460264300405,46.67
2016-06-01,50.32124204673227,40.963885950800034,46.729461458329006,46.05
2016-07-01,50.7490360590086,40.963885950800034,43.46946265235759,45.12
2016-08-01,52.58243896876431,40.71350925541419,44.620050466229856,46.04
2016-09-01,52.33798524746355,41.21426264618588,46.154167551392874,46.63
2016-10-01,53.193573272016216,40.71350925541419,47.880049272201255,47.32
2016-11-01,51.971304665512406,39.461625778484965,52.86592979898105,48.14
2016-12-01,50.44346890738265,38.46011899694158,58.42710423269698,49.12
2017-01-01,46.898889948521614,37.70898891078405,57.27651641882472,47.29
2017-02-01,46.40998250592009,37.458612215398205,56.89298714753397,46.92
2017-03-01,46.776663087871235,37.70898891078405,53.824752977207936,46.11
2017-04-01,45.432167620717046,37.458612215398205,49.2224017217189,44.05
2017-05-01,44.51546616583919,36.45710543385483,47.4965200009105,42.84
2017-06-01,42.49872296510791,35.7059753476973,43.66122728800297,40.64
2017-07-01,42.49872296510791,35.45559865231145,44.42828583058448,40.81
2017-08-01,41.093114067628534,35.7059753476973,43.46946265235759,40.1
2017-09-01,40.359752903726246,35.7059753476973,42.89416874542146,39.66
2017-10-01,39.56527830949877,35.205221956925605,45.19534437316599,39.98
2017-11-01,37.4874216784423,34.70446856615392,41.93534556719458,38.04
2017-12-01,38.03744255136902,34.454091870768075,41.16828702461308,37.89
2018-01-01,34.859544174459124,34.454091870768075,42.89416874542146,37.38
2018-02-01,33.33170841632936,35.7059753476973,45.19534437316599,38.03
2018-03-01,33.02614126470341,36.95785882462652,42.31887483848533,37.39
2018-04-01,31.192738354947704,36.707482129240674,41.743580931549204,36.49
2018-05-01,31.25385178527289,35.7059753476973,41.93534556719458,36.25
2018-06-01,32.965027834378226,36.20672873846898,39.82593457509543,36.3
2018-07-01,31.803872658199605,35.95635204308314,38.29181748993242,35.32
2018-08-01,31.31496521559808,35.205221956925605,36.949465040414786,34.46
2018-09-01,30.642717482020988,34.95484526153977,37.14122967606016,34.21
2018-10-01,28.442633990314135,35.7059753476973,37.716523582996295,33.9
2018-11-01,27.831499687062234,37.458612215398205,35.60711259089715,33.57
2018-12-01,30.520490621370605,39.21124908309912,29.278879614599706,32.98
2019-01-01,32.84280097372784,38.20974230155574,26.97770398685519,32.68
2019-02-01,32.78168754340265,35.95635204308314,26.01888080862831,31.6
2019-03-01,32.170553240150745,34.95484526153977,23.717705180883787,30.3
2019-04-01,32.598347252427075,34.70446856615392,23.33417590959303,30.24
2019-05-01,34.30952330153241,34.95484526153977,21.416529553139256,30.27
2019-06-01,36.75406051454002,35.7059753476973,18.54006001845861,30.4
2019-07-01,38.709690284946106,35.45559865231145,19.69064783233087,31.36
2019-08-01,39.9930723217751,36.20672873846898,14.32123803426032,30.27
2019-09-01,42.559836395433095,37.208235520012366,16.814178297650223,32.3
2019-10-01,47.815591403399466,36.707482129240674,21.608294188784637,35.5
2019-11-01,51.665737513886455,35.7059753476973,25.63535153733755,37.81
2019-12-01,49.09897344022846,35.95635204308314,26.59417471556444,37.34
2020-01-01,49.160086870553656,34.95484526153977,25.060057630401424,36.52
2020-02-01,49.71010774348037,38.20974230155574,20.074177103621626,36.14
2020-03-01,69.81642632046798,52.23083724316303,31.58005524234423,51.4
2020-04-01,100.0,56.236864369336544,30.429467428471973,62.6
2020-05-01,100.0,46.972926640060294,30.812996699762728,59.67
2020-06-01,100.0,41.21426264618588,31.388290606698853,57.96
2020-07-01,100.0,38.96087238771327,29.85417352153584,56.71
2020-08-01,100.0,37.458612215398205,31.004761335408105,56.59
2020-09-01,100.0,37.458612215398205,31.388290606698853,56.72
2020-10-01,100.0,37.458612215398205,33.68946623444338,57.48
2020-11-01,100.0,36.20672873846898,35.41534795525177,57.64
2020-12-01,100.0,34.95484526153977,36.565935769124025,57.6
2021-01-01,100.0,34.454091870768075,39.63416993945006,58.45
2021-02-01,100.0,34.20371517538223,43.85299192364835,59.76
2021-03-01,100.0,33.95333847999639,50.756518806881914,61.95
2021-04-01,100.0,33.20220839383885,51.52357734946342,61.96
2021-05-01,96.33965508160058,32.70145500306716,51.14004807817266,60.42
2021-06-01,86.62261965989532,32.70145500306716,48.83887245042814,56.36
2021-07-01,85.95037192631823,33.20220839383885,44.81181510187523,54.97
2021-08-01,89.49495088517926,33.702961784610544,44.044756559293724,56.09
2021-09-01,86.37816593859456,33.702961784610544,45.96240291574749,55.66
2021-10-01,86.01148535664342,33.95333847999639,49.79769562865503,56.88
2021-11-01,83.38360785266023,35.45559865231145,49.41416635736427,56.36
2021-12-01,82.77247354940833,36.45710543385483,47.4965200009105,55.85
2022-01-01,78.37230656599463,35.95635204308314,51.33181271381804,55.45
2022-02-01,73.23877841867863,37.9593656061699,51.14004807817266,54.3
2022-03-01,66.5774145132329,40.212755864642496,52.86592979898105,53.35
2022-04-01,56.24924478827573,40.963885950800034,58.61886886834235,51.99
2022-05-01,45.79884820266818,42.71652281850095,57.27651641882472,48.57
2022-06-01,43.04874383803462,44.96991307697355,52.09887125639955,46.67
2022-07-01,38.098555981694204,45.22028977235939,33.305936963152625,38.87
2022-08-01,31.43719207624846,44.21878299081601,25.63535153733755,33.74
2022-09-01,23.859126715924862,46.22179655390276,27.93652716508207,32.58
2022-10-01,16.219947925276074,47.22330333544614,25.44358690169217,29.49
2022-11-01,9.253016868204378,45.72104316313108,15.471825848132582,23.34
2022-12-01,0.9415903439784878,44.96991307697355,8.376534329253637,17.92
2023-01-01,0.0,42.96689951388679,1.0894781747293247,14.54
2023-02-01,0.0,42.4661461231151,3.1988891668284722,15.07
2023-03-01,0.0,45.22028977235939,0.7059489034385802,15.16
2023-04-01,0.0,45.47066646774523,0.0,15.01
2023-05-01,0.0,44.7195363815877,0.0,14.76
2023-06-01,0.0,44.469159686201856,0.0,14.67
2023-07-01,0.0,43.46765290465848,0.0,14.34
2023-08-01,0.0,41.96539273234341,0.0,13.85
2023-09-01,0.0,41.715016036957564,2.431830624246972,14.57
2023-10-01,0.0,42.71652281850095,10.102416050062029,17.43
2023-11-01,0.0,42.215769427729256,5.6918294302183705,15.81
2023-12-01,0.0,41.21426264618588,0.0,13.6
2024-01-01,0.0,40.212755864642496,0.0,13.27
2024-02-01,0.0,39.461625778484965,0.7059489034385802,13.26
2024-03-01,8.825222855928045,38.96087238771327,0.7059489034385802,16.09
2024-04-01,14.080977863894411,39.461625778484965,7.034181879736012,20.13
2024-05-01,13.836524142593648,39.71200247387081,5.6918294302183705,19.69
2024-06-01,16.40328821625164,40.212755864642496,2.6235952598923418,19.71
2024-07-01,17.68667025308064,40.71350925541419,2.2400659886015806,20.19
2024-08-01,20.986795490640915,40.46313256002834,0.0,20.49
2024-09-01,24.34803415852638,39.461625778484965,1.2812428103746998,21.72
2024-10-01,26.85368480185919,38.96087238771327,12.595356313451928,26.14
2024-11-01,29.603789166492756,38.20974230155574,19.307118561040117,29.05
2024-12-01,29.970469748443897,37.9593656061699,22.7588820026569,30.23
2025-01-01,29.78712945746832,37.458612215398205,28.511821072018208,31.9
2025-02-01,29.298222014866802,37.458612215398205,24.868292994756054,30.53
2025-03-01,30.214923469744658,38.96087238771327,21.991823460075388,30.39
2025-04-01,33.515048707304935,40.212755864642496,21.800058824430018,31.86
2025-05-01,33.88172928925607,38.96087238771327,23.717705180883787,32.2
2025-06-01,35.77624562933698,37.9593656061699,23.33417590959303,32.39
2025-07-01,35.77624562933698,36.95785882462652,23.142411273947655,32.0
