Date,Production_SubTheme_Score,Labor_SubTheme_Score,Demand_SubTheme_Score,Investment_SubTheme_Score,GDP_SubTheme_Score,Growth_Theme_Score,Headline_Inflation_SubTheme_Score,Core_Inflation_SubTheme_Score,Cost_Pressures_SubTheme_Score,Inflation_Expectations_SubTheme_Score,Inflation_Theme_Score,PolicyRate_SubTheme_Score,RealRate_SubTheme_Score,BalanceSheet_SubTheme_Score,Fiscal_SubTheme_Score,Policy_Theme_Score,MoneySupply_SubTheme_Score,Financial_Tightness_SubTheme_Score,YieldCurve_SubTheme_Score,Liquidity_Theme_Score,Growth_Label,Inflation_Label,Policy_Label,Liquidity_Label
2004-01-01,54.25,67.27,29.2,60.75,64.25,53.87,67.40003178970649,52.06846881913096,72.15848964714078,34.197191063043185,57.11,40.338312380932045,40.15141635246749,45.71754377734712,65.06029052369956,46.3,36.44849336291407,30.698441439980407,83.16474223095058,49.97,Neutral,Stable,Loose,Illiquid
2004-02-01,65.5,65.88,58.35,66.0,64.25,63.78,49.86470563517132,41.49195844206511,54.84329233896767,31.109547788410676,44.6,40.46852244927103,41.07218172751785,41.819492270619975,65.06029052369956,45.84,36.69294708421483,29.696934658437023,80.86356660320607,48.96,Neutral,Falling,Loose,Illiquid
2004-03-01,40.25,69.2,83.6,95.75,64.25,70.5,49.86470563517132,69.69598611424074,58.870082410635824,40.3724776123082,55.72,40.338312380932045,38.83603724525271,46.77231065563801,65.06029052369956,46.12,38.22078284234458,29.446557963051184,75.87768607642627,47.75,Moderate,Stable,Loose,Illiquid
2004-04-01,59.75,68.68,23.2,33.0,69.25,50.23,45.87940423641332,50.30571708961998,68.73571808622285,49.63540743620575,52.53,40.338312380932045,40.28295426318898,49.66145471356519,65.06029052369956,47.13,38.46523656364534,30.44806474459456,85.84944712998586,51.46,Neutral,Stable,Loose,Neutral
2004-05-01,68.5,68.85,65.05,80.25,69.25,69.58,67.40003178970649,41.49195844206511,72.5611686543076,52.72305071083825,57.72,40.338312380932045,40.94064381679637,46.0844192132744,65.06029052369956,46.61,39.87084546112472,31.95032491690963,91.4106215637018,54.27,Neutral,Stable,Loose,Neutral
2004-06-01,30.75,66.22,48.45,34.25,69.25,50.19,62.6176701111969,50.30571708961998,50.21248375654928,52.72305071083825,54.46,40.728942585949,40.67756799535341,50.25762729694699,65.06029052369956,47.49,36.14292621128812,32.70145500306716,86.80827030821274,51.73,Neutral,Stable,Loose,Neutral
2004-07-01,68.5,65.7,45.25,70.75,73.75,62.71,41.894102837655325,32.67819979451021,47.59507020996497,43.46012088694072,40.58,43.72377415774564,45.018319049162216,48.88184441221976,65.06029052369956,49.41,32.53723382210188,32.45107830768132,81.24709587449682,48.58,Neutral,Falling,Loose,Illiquid
2004-08-01,52.25,66.22,84.0,46.0,73.75,65.59,37.11174115914573,23.86444114695533,53.031236806717,37.28483433767569,36.36,45.93734531950837,47.912153085034745,42.69082143094722,65.06029052369956,49.71,29.175995154216416,32.200701612295475,74.15180435561787,45.02,Neutral,Falling,Loose,Illiquid
2004-09-01,52.75,66.92,74.3,100.0,73.75,71.58,58.63236871243891,67.93323438472976,40.74952708812909,37.28483433767569,53.58,48.281126549610086,46.9913877099844,54.660132528074136,65.06029052369956,52.53,35.470678477711026,32.200701612295475,68.01533601496583,45.13,Moderate,Stable,Neutral,Illiquid
2004-10-01,72.25,69.55,47.35,58.0,75.5,63.4,75.37063458722248,50.30571708961998,76.18527971880896,46.547764161573234,62.25,50.23427757469485,50.279835478021376,46.86402951461982,65.06029052369956,52.54,39.25971115787282,32.200701612295475,65.33063111593054,45.53,Neutral,Stable,Neutral,Illiquid
2004-11-01,56.25,66.05,69.45,66.0,75.5,65.88,70.5882729087129,50.30571708961998,63.50089099305423,37.28483433767569,56.43,52.44784873645758,52.51597996028651,51.67926961116513,65.06029052369956,54.84,41.3375677889293,31.95032491690963,61.11180913173225,44.77,Neutral,Stable,Neutral,Illiquid
2004-12-01,69.5,66.57,100.0,82.5,75.5,78.8,33.12643976038774,41.49195844206511,28.870496376708005,43.46012088694072,36.85,55.44268030825423,56.19904146048792,51.49583189320151,65.06029052369956,56.8,43.35431098966057,32.200701612295475,59.57769204656924,45.03,Moderate,Falling,Neutral,Illiquid
2005-01-01,58.75,66.92,33.9,23.75,77.75,51.64,29.141138361629743,50.30571708961998,54.23927382821744,40.3724776123082,42.76,57.00520112832203,57.11980683553828,44.57105804007443,72.00904224052461,57.55,43.10985726835981,32.45107830768132,56.70122251188858,44.08,Neutral,Falling,Neutral,Illiquid
2005-02-01,68.0,68.32,70.5,81.5,77.75,71.72,66.6029715099549,50.30571708961998,54.03793432463404,40.3724776123082,53.95,59.86982263177968,60.013640871410814,41.91121112960179,72.00904224052461,58.75,39.74861860047434,31.95032491690963,51.71534198510879,41.12,Moderate,Stable,Neutral,Illiquid
2005-03-01,46.5,66.57,28.25,56.75,77.75,52.62,61.8206098314453,76.74699303228464,72.762508157891,49.63540743620575,66.05,61.56255352018647,59.750565049967854,46.7264512261471,72.00904224052461,60.14,36.93740080551559,32.70145500306716,54.2082822484987,41.24,Neutral,Stable,Neutral,Illiquid
2005-04-01,55.25,69.9,58.35,72.5,62.25,63.71,57.835308432687306,23.86444114695533,61.89017496438696,52.72305071083825,47.43,63.64591461361022,65.80130894315587,46.31371636072893,72.00904224052461,62.5,34.00395614990646,34.20371517538223,50.37298953559116,39.47,Neutral,Falling,Neutral,Illiquid
2005-05-01,52.25,67.27,55.45,35.75,62.25,56.08,29.141138361629743,41.49195844206511,35.716039498543886,49.63540743620575,38.26,66.38032604872889,67.24822596109215,46.7264512261471,72.00904224052461,63.84,27.89261311738742,34.70446856615392,45.38710900881136,35.91,Neutral,Falling,Neutral,Illiquid
2005-06-01,61.0,68.32,82.6,100.0,62.25,74.57,37.11174115914573,23.86444114695533,44.77631715979726,49.63540743620575,37.18,66.90116632208483,69.08975671119286,49.61559528407429,72.00904224052461,65.12,30.826057772996563,34.70446856615392,40.20946384638619,35.2,Moderate,Falling,Neutral,Illiquid
2005-07-01,42.0,69.55,21.5,67.25,69.5,51.68,82.54417710498687,41.49195844206511,70.95045262564032,43.46012088694072,60.09,69.76578782554247,70.6682116398506,47.185045521056175,72.00904224052461,65.97,32.598347252427075,34.454091870768075,38.86711139686855,35.28,Neutral,Stable,Neutral,Illiquid
2005-08-01,58.25,67.62,81.8,21.0,69.5,62.49,82.54417710498687,32.67819979451021,61.48749595722014,46.547764161573234,56.17,72.8908294656781,74.48281105077349,45.48824662989259,72.00904224052461,67.71,33.0872546950286,34.70446856615392,36.18240649783328,34.64,Neutral,Stable,Neutral,Very Illiquid
2005-09-01,1.5,65.7,54.9,57.5,69.5,49.31,100.0,32.67819979451021,100.0,83.59948345716336,76.52,74.45335028574591,76.06126597943124,48.74426612374704,72.00904224052461,69.31,32.903914404053026,35.45559865231145,35.41534795525177,34.57,Weak,Rising,Neutral,Very Illiquid
2005-10-01,80.5,66.22,75.45,51.25,64.0,68.92,45.08234395666173,76.74699303228464,94.5071745448991,92.86241328106088,74.02,76.53671137916966,74.87742478293794,44.80035518752897,72.00904224052461,68.79,33.39282184665456,35.45559865231145,34.84005404831564,34.55,Neutral,Rising,Neutral,Very Illiquid
2005-11-01,77.5,69.55,80.45,72.0,64.0,73.68,0.0,59.11947573717487,14.575391622286022,52.72305071083825,31.2,79.40133288262732,79.08663792602526,49.52387642509248,72.00904224052461,71.85,32.35389353112632,35.205221956925605,33.11417232750725,33.55,Moderate,Low,Tight,Very Illiquid
2005-12-01,62.0,67.1,51.55,51.25,64.0,59.5,33.12643976038774,41.49195844206511,36.1187185057107,46.547764161573234,38.92,81.48469397605108,82.5066236047837,53.33020907283781,72.00904224052461,74.27,33.14836812535379,35.7059753476973,31.58005524234423,33.47,Neutral,Falling,Tight,Very Illiquid
2006-01-01,54.0,68.5,92.2,100.0,83.75,77.78,81.74711682523528,50.30571708961998,60.88347744646991,43.46012088694072,60.48,83.17742486445786,83.55892689055553,43.69972887974719,76.74010723921401,74.11,36.50960679323926,35.205221956925605,23.90946981652916,31.92,Moderate,Stable,Tight,Very Illiquid
2006-02-01,51.0,69.03,53.85,31.0,83.75,57.4,37.11174115914573,50.30571708961998,14.172712615119204,43.46012088694072,37.75,85.78162623123755,86.18968510498512,44.11246374516536,76.74010723921401,75.76,38.03744255136902,34.20371517538223,23.14241127394765,31.86,Neutral,Falling,Tight,Very Illiquid
2006-03-01,55.75,68.85,78.15,59.5,83.75,68.64,45.08234395666173,74.98424130277367,49.80980474938247,43.46012088694072,54.67,87.08372691462738,85.6635334620992,48.28567182883796,76.74010723921401,76.83,38.52634999397054,33.95333847999639,24.48476372346529,32.38,Neutral,Stable,Tight,Very Illiquid
2006-04-01,57.5,67.27,38.05,62.25,56.5,56.18,72.9794537479677,57.35672400766389,70.74911312205691,52.72305071083825,63.8,89.68792828140707,89.60967078374355,45.30480891192896,76.74010723921401,78.2,40.72643348567739,34.20371517538223,27.93652716508207,34.35,Neutral,Stable,Tight,Very Illiquid
2006-05-01,50.75,65.52,66.75,41.5,56.5,58.37,57.03824815293571,66.17048265521878,63.09821198588741,74.33655363326584,64.45,91.64107930649185,90.92504989095836,48.010515251892514,76.74010723921401,79.72,39.68750517014916,34.95484526153977,27.93652716508207,34.25,Neutral,Stable,Tight,Very Illiquid
2006-06-01,58.5,66.05,62.45,63.75,56.5,62.34,53.05294675417771,57.35672400766389,48.4004282242986,52.72305071083825,53.35,92.29212964818676,92.24042899817314,47.59778038647434,76.74010723921401,80.23,40.0541857521003,36.20672873846898,26.59417471556444,34.34,Neutral,Stable,Tight,Very Illiquid
2006-07-01,48.25,67.45,31.5,58.0,53.75,51.83,76.9647551467257,48.54296536010901,53.2325763103004,49.63540743620575,58.23,95.54738135666136,96.18656631981752,46.0844192132744,76.74010723921401,82.09,40.78754691600258,36.45710543385483,23.14241127394765,33.54,Neutral,Stable,Tight,Very Illiquid
2006-08-01,60.75,67.1,24.55,59.75,53.75,52.76,68.1970920694581,57.35672400766389,58.0647243963022,68.16126708400081,62.91,95.67759142500034,95.6604146769316,44.29590146312899,76.74010723921401,81.61,40.48197976437663,35.205221956925605,18.92358928974937,31.63,Neutral,Stable,Tight,Very Illiquid
2006-09-01,45.5,66.75,85.9,35.5,53.75,61.3,0.0,48.54296536010901,14.77673112586943,46.547764161573234,26.83,95.67759142500034,96.31810423053898,45.62582491836531,76.74010723921401,82.07,39.74861860047434,34.70446856615392,18.731824654103985,31.15,Neutral,Low,Tight,Very Illiquid
2006-10-01,47.5,65.18,51.55,48.5,71.5,56.37,0.0,48.54296536010901,5.917792968199464,46.547764161573234,25.06,95.67759142500034,96.31810423053898,48.46910954680159,76.74010723921401,82.64,41.03200063730334,34.454091870768075,16.814178297650223,30.87,Neutral,Low,Tight,Very Illiquid
2006-11-01,49.25,67.8,54.7,57.75,71.5,59.68,37.11174115914573,32.67819979451021,74.57456369014169,43.46012088694072,44.54,95.67759142500034,97.5019454270323,50.303486726437896,76.74010723921401,83.36,42.68206325608348,34.20371517538223,13.937708762969567,30.4,Neutral,Falling,Tight,Very Illiquid
2006-12-01,75.75,67.45,85.9,80.25,71.5,76.05,76.16769486697409,39.72920671255413,57.05802687838516,40.3724776123082,54.26,95.54738135666136,96.8442558734249,48.010515251892514,76.74010723921401,82.67,43.96544529291248,34.20371517538223,14.89653194119645,31.15,Moderate,Stable,Tight,Very Illiquid
2007-01-01,41.0,67.8,21.8,46.0,57.5,46.64,46.67646451616492,57.35672400766389,25.24638531220666,43.46012088694072,44.95,95.67759142500034,95.6604146769316,44.84621461701988,81.84078669092598,82.74,43.35431098966057,33.20220839383885,16.23888439071409,31.06,Weak,Falling,Tight,Very Illiquid
2007-02-01,74.0,66.05,71.5,55.25,57.5,66.53,64.2117906707001,60.88222746668585,79.20537227256006,43.46012088694072,62.06,95.80780149333933,95.52887676621012,48.79012555323794,81.84078669092598,83.53,42.43760953478272,32.951831698453006,14.5130026699057,30.09,Neutral,Stable,Tight,Very Illiquid
2007-03-01,54.5,67.8,65.5,70.0,57.5,63.86,74.57357430747089,39.72920671255413,74.9772426973085,43.46012088694072,57.98,95.80780149333933,97.10733169486788,46.22199750174711,81.84078669092598,83.49,44.087672153562856,34.20371517538223,13.170650220388058,30.62,Neutral,Stable,Tight,Very Illiquid
2007-04-01,66.75,65.88,78.45,44.0,65.25,65.85,57.03824815293571,43.25471017157608,69.74241560413988,52.72305071083825,54.58,95.67759142500034,96.71271796270342,44.98379290549261,81.84078669092598,83.08,47.08223023949719,34.95484526153977,17.005942933295596,33.16,Neutral,Stable,Tight,Very Illiquid
2007-05-01,51.25,66.92,44.65,81.5,65.25,60.24,65.8059112302033,41.49195844206511,67.12500205755558,52.72305071083825,56.16,95.67759142500034,96.8442558734249,49.93661129051064,81.84078669092598,84.11,47.63225111242389,35.7059753476973,20.84123564620313,34.86,Neutral,Stable,Tight,Very Illiquid
2007-06-01,50.75,66.05,19.6,30.25,65.25,45.93,51.45882619467452,43.25471017157608,50.61516276371609,55.81069398547076,49.7,95.67759142500034,96.71271796270342,41.36089797571089,81.84078669092598,82.36,46.96000337884681,36.45710543385483,29.85417352153584,37.85,Weak,Falling,Tight,Illiquid
2007-07-01,46.0,64.65,72.0,60.75,64.5,62.16,47.473524795916525,46.780213630598034,59.87677992855287,55.81069398547076,51.41,95.80780149333933,96.58118005198196,47.46020209800162,81.84078669092598,83.58,45.79884820266818,39.71200247387081,23.90946981652916,36.57,Neutral,Stable,Tight,Illiquid
2007-08-01,55.0,64.65,62.95,63.25,64.5,62.07,35.517620599642534,43.25471017157608,13.770033607952392,49.63540743620575,36.31,92.6827598532037,93.6873460161094,43.791447738729,81.84078669092598,81.04,49.5267674525048,50.978953766233815,29.470644250245087,43.39,Neutral,Falling,Tight,Illiquid
2007-09-01,56.0,66.05,46.75,60.25,64.5,58.19,66.6029715099549,52.06846881913096,57.662045389135386,46.547764161573234,56.44,91.64107930649185,91.9773531767302,51.72512904065604,81.84078669092598,81.8,48.61006599762695,53.98347411086395,32.53887842057112,45.08,Neutral,Stable,Tight,Illiquid
2007-10-01,42.75,66.05,69.55,64.75,65.75,62.04,57.835308432687306,59.11947573717487,58.668742907052426,46.547764161573234,56.13,89.2972980763901,89.08351914085765,45.16723062345624,81.84078669092598,78.92,45.30994076006667,49.72707028930459,32.53887842057112,42.55,Neutral,Stable,Tight,Illiquid
2007-11-01,64.0,66.4,51.55,73.5,65.75,63.21,96.09420186076407,62.64497919619683,94.30583504131567,55.81069398547076,77.65,85.78162623123755,85.26891972993475,50.074189578983365,81.84078669092598,77.7,44.27101244453844,56.73761776010824,37.332994311705534,46.1,Neutral,Rising,Tight,Illiquid
2007-12-01,51.5,66.4,84.3,21.75,65.75,61.13,56.2411878731841,57.35672400766389,40.34684808096228,55.81069398547076,53.31,82.52637452276295,82.37508569406222,45.30480891192896,81.84078669092598,74.9,42.926516977384246,63.74816523091189,41.55181629590383,49.34,Neutral,Stable,Tight,Illiquid
2008-01-01,47.0,65.0,63.35,55.5,39.25,56.99,60.22648927194211,64.40773092570781,71.75581063997396,55.81069398547076,62.9,78.6200724725934,77.90279672953194,50.303486726437896,67.13013146062619,70.44,42.37649610445754,60.74364488628174,39.44240530380468,47.47,Neutral,Stable,Tight,Illiquid
2008-02-01,40.75,64.12,21.0,28.0,39.25,40.76,52.25588647442612,29.15269633548826,63.70223049663763,61.98598053473579,49.56,66.11990591205092,67.90591551469954,38.93034821269279,67.13013146062619,61.42,48.304498846001,65.0000487078411,51.52357734946342,54.88,Weak,Falling,Neutral,Neutral
2008-03-01,42.0,64.12,78.8,57.25,39.25,59.85,61.8206098314453,53.83122054864194,100.0,83.59948345716336,71.42,61.3021333835085,61.19748206790412,49.98247072000155,67.13013146062619,60.17,50.871262919658975,73.26247965557397,63.60474939512215,62.46,Neutral,Rising,Neutral,Neutral
2008-04-01,32.75,62.2,77.2,47.5,65.0,58.14,51.45882619467452,27.389944605977284,76.99063773314259,99.03769983032592,58.86,57.00520112832203,58.829799674917496,43.791447738729,67.13013146062619,56.93,47.937818264049845,69.25645252940046,66.28945429415744,61.03,Neutral,Stable,Neutral,Neutral
2008-05-01,34.5,62.55,45.4,73.5,65.0,54.54,80.15299626573209,46.780213630598034,100.0,100.0,78.08,53.09889907815249,53.43674533533687,48.97356327120158,67.13013146062619,55.18,47.75447797307428,62.74665844936851,61.68710303866839,57.3,Neutral,Rising,Neutral,Neutral
2008-06-01,43.5,63.07,48.75,54.5,65.0,54.48,100.0,55.59397227815291,84.6415388693121,100.0,83.61,53.35931921483047,53.04213160317243,46.86402951461982,67.13013146062619,54.72,46.3488690755949,65.75117879399865,63.41298475947679,58.38,Neutral,Rising,Neutral,Neutral
2008-07-01,38.75,62.38,3.9,41.0,36.75,37.26,89.71771962275128,59.11947573717487,94.90985355206593,100.0,83.63,53.489529283169446,52.91059369245095,51.03723759829242,67.13013146062619,55.55,47.57113768209871,68.50532244324293,66.09768965851205,60.59,Weak,Rising,Neutral,Neutral
2008-08-01,10.5,61.32,13.7,29.75,36.75,32.06,21.170535564113752,50.30571708961998,0.0,99.03769983032592,41.25,53.35931921483047,53.43674533533687,45.76340320683804,67.13013146062619,54.62,42.07092895283158,68.00456905247124,62.07063230995914,57.23,Recessionary,Falling,Neutral,Neutral
2008-09-01,0.0,59.22,20.7,11.5,36.75,28.34,40.29998227815213,41.49195844206511,23.43432977995598,83.59948345716336,45.94,50.88532791638977,51.59521458523616,97.85971510850922,67.13013146062619,63.74,45.98218849364376,84.52943094793697,69.54945310012883,66.48,Recessionary,Falling,Neutral,Neutral
2008-10-01,75.25,59.05,26.8,0.0,0.0,39.47,0.0,20.33893768793337,0.0,71.24891035863332,20.35,39.9476821759151,42.12448501328968,100.0,67.13013146062619,58.05,53.07134641136584,100.0,80.6718019675607,77.67,Weak,Low,Neutral,Liquid
2008-11-01,17.25,55.38,29.95,0.0,0.0,27.55,0.0,27.389944605977284,0.0,40.3724776123082,16.29,32.395498212254004,33.96913454855799,100.0,67.13013146062619,53.34,55.08808961209712,100.0,84.50709468046821,79.62,Recessionary,Low,Neutral,Liquid
2008-12-01,0.0,56.08,13.6,0.0,0.0,20.22,0.0,13.287930769889462,0.0,3.3207583167180807,4.65,29.400666640457374,31.996065887735803,62.22693839407391,67.13013146062619,44.29,66.94409509518404,100.0,66.28945429415744,77.64,Recessionary,Low,Loose,Liquid
2009-01-01,0.0,55.02,10.7,88.75,21.75,34.67,53.05294675417771,48.54296536010901,48.4004282242986,18.75897468988063,43.91,29.270456572118388,29.23376976258475,6.645309851093739,17.89748631801474,22.46,70.79424120567103,100.0,66.28945429415744,78.95,Recessionary,Falling,Very Loose,Liquid
2009-02-01,35.0,55.02,59.95,39.25,21.75,46.56,61.8206098314453,52.06846881913096,22.427632262038937,9.49604486598309,40.55,30.181927050491275,29.891459316192144,11.322971659166326,17.89748631801474,23.87,65.59959962802986,100.0,69.74121773577421,78.32,Weak,Falling,Very Loose,Liquid
2009-03-01,11.0,54.15,17.6,6.25,21.75,25.96,25.155836962871746,52.06846881913096,30.481212405375278,12.583688140615612,31.78,29.66108677713534,29.36530767330623,70.75679227938275,17.89748631801474,35.44,65.17180561575351,100.0,70.50827627835572,78.43,Recessionary,Low,Loose,Liquid
2009-04-01,30.5,56.08,22.3,63.0,45.5,42.5,41.09704255790373,52.06846881913096,56.65534787121834,37.28483433767569,46.74,29.270456572118388,28.97069394114179,77.68156613250981,17.89748631801474,36.59,61.87168037819324,89.53696485565388,73.57651044868176,74.86,Weak,Falling,Loose,Liquid
2009-05-01,25.25,60.27,93.1,70.75,45.5,61.57,45.08234395666173,30.91544806499924,65.1116070217215,37.28483433767569,43.28,29.66108677713534,30.94376260196397,48.010515251892514,17.89748631801474,31.36,65.35514590672908,75.76624660943241,80.09650806062456,73.66,Neutral,Falling,Very Loose,Liquid
2009-06-01,42.0,58.87,62.9,90.0,45.5,59.84,99.28244297977044,32.67819979451021,83.63484135139505,46.547764161573234,65.62,30.05171698215229,31.206838423406936,28.978852013165803,17.89748631801474,27.75,64.56067131250161,69.00607583401462,88.34238739337576,73.88,Neutral,Stable,Very Loose,Liquid
2009-07-01,79.75,60.45,75.0,60.75,58.75,67.82,30.735258921132942,27.389944605977284,26.2530828301237,40.3724776123082,30.76,29.400666640457374,30.94376260196397,37.829721904911,17.89748631801474,29.25,60.83275206266501,63.497788535526034,85.27415322304972,69.78,Neutral,Low,Very Loose,Neutral
2009-08-01,77.75,62.38,41.0,94.25,58.75,64.53,59.4294289921905,34.44095152402119,73.97054517939145,37.28483433767569,50.41,29.400666640457374,30.417610959078058,48.5149689762925,17.89748631801474,31.23,59.549370025836,56.98799445549408,86.04121176563125,67.45,Neutral,Stable,Very Loose,Neutral
2009-09-01,71.5,62.02,82.5,0.0,58.75,59.41,48.27058507566812,48.54296536010901,34.50800247704343,18.75897468988063,39.7,29.270456572118388,29.23376976258475,65.29952016996474,17.89748631801474,34.19,53.80470757526812,53.48272072009226,83.35650686659596,63.45,Neutral,Falling,Very Loose,Neutral
2009-10-01,55.75,62.55,49.45,77.25,77.0,61.57,57.03824815293571,60.88222746668585,57.46070588555197,40.3724776123082,54.94,28.87982636710144,27.91839065536996,56.67794742567407,17.89748631801474,31.95,47.38779739112313,50.978953766233815,84.12356540917747,60.7,Neutral,Stable,Very Loose,Neutral
2009-11-01,60.25,65.0,56.1,70.25,77.0,63.81,59.4294289921905,27.389944605977284,70.14509461130669,34.197191063043185,46.91,28.87982636710144,30.417610959078058,46.77231065563801,17.89748631801474,30.72,45.37105419039185,49.72707028930459,84.69885931611361,59.79,Neutral,Falling,Very Loose,Neutral
2009-12-01,58.5,61.67,77.4,60.5,77.0,66.33,37.11174115914573,32.67819979451021,52.62855779955018,28.02190451377816,37.07,28.87982636710144,30.022997226913617,54.15567880367414,17.89748631801474,32.08,31.009398063972128,47.22330333544614,88.34238739337576,55.28,Neutral,Falling,Very Loose,Neutral
2010-01-01,77.0,65.0,84.3,52.75,62.0,70.09,37.908801438897335,0.0,87.6616314230632,37.28483433767569,36.36,28.749616298762447,32.6537554413432,53.33020907283781,26.472541628139258,34.38,22.025723806169147,44.7195363815877,90.83532765676566,52.22,Moderate,Falling,Very Loose,Neutral
2010-02-01,58.75,63.78,70.7,53.5,62.0,62.78,25.155836962871746,22.101689417444348,34.91068148421025,34.197191063043185,28.0,29.010036435440423,30.94376260196397,47.87293696341979,26.472541628139258,32.86,23.37021927332334,44.469159686201856,89.10944593595727,52.03,Neutral,Low,Very Loose,Neutral
2010-03-01,67.5,67.1,83.7,100.0,62.0,75.76,35.517620599642534,18.576185958422396,70.3464341148901,34.197191063043185,37.14,29.400666640457374,31.60145215557136,51.86270732912877,26.472541628139258,33.97,18.05335083503178,40.963885950800034,89.10944593595727,49.06,Moderate,Falling,Very Loose,Illiquid
2010-04-01,59.0,68.5,28.4,70.75,74.25,57.49,34.720560319890936,18.576185958422396,56.85668737480175,40.3724776123082,35.43,29.921506913813307,32.12760379845728,51.72512904065604,26.472541628139258,34.25,20.00898060543787,39.21124908309912,91.2188569280564,49.84,Neutral,Falling,Very Loose,Illiquid
2010-05-01,84.25,72.0,87.9,28.5,74.25,72.12,29.141138361629743,25.6271928764663,49.20578623863224,49.63540743620575,36.2,29.921506913813307,31.60145215557136,47.23090495054708,26.472541628139258,33.2,19.64230002348673,45.72104316313108,82.9729775953052,49.15,Moderate,Falling,Very Loose,Illiquid
2010-06-01,55.5,63.25,54.75,47.5,74.25,58.31,29.93819864138134,32.67819979451021,30.682551908958683,37.28483433767569,32.38,29.66108677713534,30.81222469124249,45.76340320683804,26.472541628139258,32.59,20.31454775706382,48.72556350776121,79.52121415368842,49.23,Neutral,Low,Very Loose,Illiquid
2010-07-01,59.5,63.78,24.15,58.0,69.25,52.7,48.27058507566812,29.15269633548826,51.42052077804973,34.197191063043185,40.35,29.66108677713534,31.075300512685452,44.66277689905625,26.472541628139258,32.45,20.803455199665343,45.22028977235939,75.11062753384476,46.78,Neutral,Falling,Very Loose,Illiquid
2010-08-01,59.25,65.0,80.85,61.25,69.25,67.68,45.08234395666173,27.389944605977284,53.43391581388381,34.197191063043185,39.27,29.791296845474324,31.338376334128405,42.5991025719654,26.472541628139258,32.15,24.34803415852638,43.21727620927263,69.16592382883809,45.36,Neutral,Falling,Very Loose,Illiquid
2010-09-01,57.0,63.95,74.15,71.5,69.25,66.77,45.87940423641332,30.91544806499924,44.77631715979726,18.75897468988063,35.75,29.791296845474324,31.075300512685452,42.5991025719654,26.472541628139258,32.07,26.67034451088362,42.215769427729256,68.39886528625657,45.57,Neutral,Falling,Very Loose,Illiquid
2010-10-01,43.25,68.68,20.8,78.75,63.25,52.59,61.0235495516937,23.86444114695533,63.299551489470815,34.197191063043185,44.97,29.791296845474324,31.60145215557136,46.17613807225621,26.472541628139258,32.95,28.32040712966376,39.71200247387081,66.67298356544819,44.74,Neutral,Falling,Very Loose,Illiquid
2010-11-01,51.75,66.75,81.3,72.75,63.25,67.94,53.05294675417771,39.72920671255413,56.65534787121834,43.46012088694072,47.86,29.791296845474324,30.417610959078058,48.377390687819776,26.472541628139258,33.03,27.58704596576147,38.71049569232743,70.7000409140011,45.49,Neutral,Falling,Very Loose,Illiquid
2010-12-01,75.0,66.05,74.8,67.5,63.25,69.96,65.0088509504517,30.91544806499924,66.31964404322194,43.46012088694072,50.73,29.66108677713534,30.94376260196397,60.300842355455785,26.472541628139258,35.54,30.398263760720223,37.458612215398205,80.86356660320607,49.38,Neutral,Stable,Loose,Illiquid
2011-01-01,44.5,65.18,51.7,66.75,44.0,55.79,58.63236871243891,52.06846881913096,76.58795872597575,55.81069398547076,59.69,29.53087670879636,29.23376976258475,55.30216454094684,28.468459674461343,34.38,34.55397702283317,35.45559865231145,82.58944832401446,50.7,Neutral,Stable,Very Loose,Neutral
2011-02-01,39.75,67.97,31.45,71.25,44.0,51.29,58.63236871243891,46.780213630598034,77.19197723672599,55.81069398547076,58.22,29.400666640457374,29.496845584027703,56.8613851436377,28.468459674461343,34.74,35.409565047385826,34.95484526153977,86.61650567256738,52.16,Neutral,Stable,Very Loose,Neutral
2011-03-01,76.0,67.97,77.7,72.5,44.0,70.29,74.57357430747089,34.44095152402119,79.80939078331029,92.86241328106088,67.24,29.1402465037794,30.154535137635097,60.805296079855765,28.468459674461343,35.64,39.87084546112472,35.95635204308314,83.93180077353209,53.12,Moderate,Stable,Loose,Neutral
2011-04-01,41.75,69.2,22.45,63.75,67.0,50.98,70.5882729087129,36.20370325353217,84.23885986214528,92.86241328106088,67.46,28.619406230423465,29.496845584027703,61.03459322731031,28.468459674461343,35.34,42.07092895283158,35.205221956925605,85.65768249434048,54.19,Neutral,Stable,Loose,Neutral
2011-05-01,53.0,66.4,79.0,48.0,67.0,64.17,58.63236871243891,50.30571708961998,54.64195283538425,77.42419690789833,59.09,28.48919616208449,28.31300438753439,58.741621752764914,28.468459674461343,34.48,43.10985726835981,35.205221956925605,80.48003733191531,52.83,Neutral,Stable,Very Loose,Neutral
2011-06-01,57.5,67.97,51.8,70.75,67.0,62.15,33.12643976038774,55.59397227815291,42.76292212396318,68.16126708400081,48.8,28.48919616208449,27.91839065536996,59.108497188692176,28.468459674461343,34.44,46.898889948521614,36.45710543385483,77.2200385259439,53.46,Neutral,Falling,Very Loose,Neutral
2011-07-01,61.75,65.88,71.7,49.0,49.5,62.34,53.85000703392932,55.59397227815291,51.62186028163313,55.81069398547076,54.32,28.22877602540651,27.655314833927,52.275442194546926,28.468459674461343,32.91,57.53262682510473,38.20974230155574,77.2200385259439,57.65,Neutral,Stable,Very Loose,Neutral
2011-08-01,66.0,66.75,45.45,52.75,49.5,57.45,58.63236871243891,66.17048265521878,31.085230916125496,58.89833726010328,55.44,28.619406230423465,27.260701101762564,44.25004203363808,28.468459674461343,31.31,66.94409509518404,43.96840629543017,64.1800433020583,58.45,Neutral,Stable,Very Loose,Neutral
2011-09-01,48.0,67.97,60.55,77.75,49.5,61.74,50.66176591492292,34.44095152402119,49.80980474938247,52.72305071083825,46.04,28.358986093745497,29.36530767330623,44.89207404651079,28.468459674461343,31.99,66.02739364030619,48.47518681237536,58.235339597051606,57.66,Neutral,Falling,Very Loose,Neutral
2011-10-01,67.5,67.8,80.3,64.25,78.0,71.35,38.70586171864893,45.01746190108706,19.004860701121,49.63540743620575,38.85,28.22877602540651,28.44454229825587,45.12137119396533,28.468459674461343,31.72,64.49955788217643,47.72405672621783,61.30357376737763,57.91,Moderate,Falling,Very Loose,Neutral
2011-11-01,49.75,66.75,37.2,58.0,78.0,55.78,47.473524795916525,45.01746190108706,47.79640971354839,49.63540743620575,47.23,28.358986093745497,28.576080208977352,40.99402253978363,28.468459674461343,30.97,66.51630108290772,47.47368003083199,58.81063350398773,57.69,Neutral,Falling,Very Loose,Neutral
2011-12-01,63.25,67.62,89.0,53.75,78.0,71.05,34.720560319890936,53.83122054864194,28.870496376708005,46.547764161573234,41.65,28.22877602540651,27.78685274464848,56.21935313076499,28.468459674461343,33.74,67.31077567713517,47.22330333544614,58.235339597051606,57.69,Moderate,Falling,Very Loose,Neutral
2012-01-01,65.0,69.72,29.45,73.0,71.0,59.33,54.64706731368091,52.06846881913096,53.83659482105063,52.72305071083825,53.33,28.358986093745497,28.04992856609143,49.20286041865612,41.10927396783455,34.99,70.61090091469546,43.21727620927263,57.66004569011547,57.3,Neutral,Stable,Very Loose,Neutral
2012-02-01,58.0,68.5,71.75,80.75,71.0,69.3,49.86470563517132,27.389944605977284,53.83659482105063,52.72305071083825,44.49,28.619406230423465,30.154535137635097,48.14809354036524,41.10927396783455,35.48,69.38863230819165,40.212755864642496,56.50945787624321,55.51,Neutral,Falling,Loose,Neutral
2012-03-01,37.0,68.15,49.55,58.75,71.0,56.14,49.86470563517132,48.54296536010901,70.74911312205691,71.24891035863332,57.92,29.010036435440423,28.97069394114179,38.93034821269279,41.10927396783455,33.4,67.98302341071228,38.96087238771327,60.536515224796126,55.95,Neutral,Stable,Very Loose,Neutral
2012-04-01,67.75,66.05,30.75,39.75,61.25,53.14,46.67646451616492,48.54296536010901,39.94416907379546,49.63540743620575,46.48,29.1402465037794,29.10223185186327,42.69082143094722,41.10927396783455,34.23,66.94409509518404,39.71200247387081,58.235339597051606,55.08,Neutral,Falling,Very Loose,Neutral
2012-05-01,55.25,66.4,45.6,45.5,61.25,55.32,16.38817388560416,39.72920671255413,27.058440844457333,43.46012088694072,30.94,29.400666640457374,30.022997226913617,43.65386945025628,41.10927396783455,34.78,64.49955788217643,42.215769427729256,53.24945907027181,53.43,Neutral,Low,Very Loose,Neutral
2012-06-01,50.5,66.05,19.6,27.75,61.25,45.1,26.749957522374935,45.01746190108706,23.8370087871228,46.547764161573234,35.61,29.400666640457374,29.628383494749183,46.81817008512891,41.10927396783455,35.29,63.76619671827414,43.46765290465848,49.79769562865503,52.46,Weak,Falling,Loose,Neutral
2012-07-01,55.0,66.92,20.35,61.5,53.5,50.74,35.517620599642534,41.49195844206511,47.79640971354839,43.46012088694072,41.35,29.400666640457374,29.891459316192144,44.80035518752897,41.10927396783455,34.97,55.63811048502383,41.46463934157172,47.880049272201255,48.4,Neutral,Falling,Very Loose,Illiquid
2012-08-01,39.75,67.27,17.8,81.0,53.5,50.08,79.35593598598048,34.44095152402119,70.95045262564032,61.98598053473579,60.73,29.010036435440423,30.022997226913617,41.95707055909269,41.10927396783455,34.32,47.32668396079794,39.21124908309912,50.75651880688192,45.78,Neutral,Stable,Very Loose,Illiquid
2012-09-01,48.75,67.27,77.15,70.0,53.5,65.07,71.3853331884645,48.54296536010901,61.688835460803546,52.72305071083825,58.86,29.1402465037794,29.10223185186327,42.73668086043813,41.10927396783455,34.24,51.05460321063455,37.208235520012366,51.33181271381804,46.58,Neutral,Stable,Very Loose,Illiquid
2012-10-01,58.0,66.92,86.7,48.75,53.0,65.96,54.64706731368091,43.25471017157608,35.91737900212729,46.547764161573234,45.86,29.400666640457374,29.759921405470664,47.00160780309254,41.10927396783455,35.37,53.07134641136584,36.20672873846898,52.09887125639955,47.19,Neutral,Falling,Loose,Illiquid
2012-11-01,59.75,67.1,66.45,64.0,53.0,63.59,19.57641500461055,37.96645498304315,27.863798858790968,46.547764161573234,32.15,29.400666640457374,30.154535137635097,50.71622159185607,41.10927396783455,36.23,53.9269344359185,35.95635204308314,50.37298953559116,46.82,Neutral,Low,Loose,Illiquid
2012-12-01,57.25,68.15,59.65,58.75,53.0,60.92,32.329379480636135,45.01746190108706,41.75622460604613,49.63540743620575,41.48,29.400666640457374,29.628383494749183,52.596458200983285,41.10927396783455,36.45,58.44932827998258,35.205221956925605,52.09887125639955,48.68,Neutral,Falling,Loose,Illiquid
2013-01-01,49.5,67.45,60.0,70.75,74.75,63.22,49.06764535541972,53.83122054864194,54.84329233896767,52.72305071083825,52.38,29.1402465037794,28.70761811969883,55.89833712432865,60.25530263440566,40.59,54.90474932112155,33.95333847999639,55.74239933366171,48.27,Neutral,Stable,Loose,Illiquid
2013-02-01,62.0,68.68,24.75,79.0,74.75,58.52,76.16769486697409,41.49195844206511,62.69553297872059,52.72305071083825,58.38,29.270456572118388,29.759921405470664,61.49318752221939,60.25530263440566,42.06,52.6435523990895,33.4525850892247,56.50945787624321,47.59,Neutral,Stable,Loose,Illiquid
2013-03-01,60.25,66.92,23.5,32.25,74.75,50.31,10.808751927342955,32.67819979451021,41.75622460604613,49.63540743620575,31.32,29.1402465037794,30.286073048356577,60.89701493883759,60.25530263440566,42.06,53.193573272016216,33.4525850892247,56.31769324059783,47.71,Neutral,Low,Loose,Illiquid
2013-04-01,47.5,67.45,84.1,37.75,56.75,62.1,16.38817388560416,18.576185958422396,39.74282957021205,46.547764161573234,27.75,29.270456572118388,31.46991424484989,59.15435661818309,60.25530263440566,42.1,51.3601703622605,32.45107830768132,53.057694434626434,45.68,Neutral,Low,Loose,Illiquid
2013-05-01,52.25,67.8,62.75,65.25,56.75,61.94,36.31468087939413,27.389944605977284,50.61516276371609,46.547764161573234,38.54,28.749616298762447,30.286073048356577,58.51232460531038,60.25530263440566,41.46,50.626809198358224,31.95032491690963,56.70122251188858,46.47,Neutral,Falling,Loose,Illiquid
2013-06-01,54.75,67.45,51.95,57.75,56.75,58.51,52.25588647442612,41.49195844206511,46.78971219563134,43.46012088694072,46.17,28.48919616208449,28.97069394114179,57.13654172058315,60.25530263440566,40.72,49.5267674525048,33.4525850892247,63.60474939512215,48.87,Neutral,Falling,Loose,Illiquid
2013-07-01,41.75,66.4,21.95,64.5,71.25,50.56,49.06764535541972,55.59397227815291,45.7830146777143,46.547764161573234,49.86,28.48919616208449,27.91839065536996,58.46646517581947,60.25530263440566,40.67,48.48783913697656,33.702961784610544,69.16592382883809,50.43,Neutral,Falling,Loose,Neutral
2013-08-01,65.0,68.32,42.7,46.5,71.25,58.27,52.25588647442612,48.54296536010901,42.76292212396318,43.46012088694072,47.48,28.358986093745497,28.31300438753439,57.82443316294676,60.25530263440566,40.62,47.44891082144833,32.951831698453006,72.23415799916411,50.84,Neutral,Falling,Loose,Neutral
2013-09-01,63.25,67.27,62.2,52.25,71.25,63.34,36.31468087939413,43.25471017157608,41.75622460604613,52.72305071083825,42.77,28.358986093745497,28.70761811969883,53.55950622029235,60.25530263440566,39.88,45.98218849364376,32.951831698453006,73.9600397199725,50.91,Neutral,Falling,Loose,Neutral
2013-10-01,47.0,67.8,54.85,58.25,71.75,59.36,37.11174115914573,30.91544806499924,30.88389141254209,43.46012088694072,35.28,28.48919616208449,29.759921405470664,58.97091890021946,60.25530263440566,41.32,49.160086870553656,32.200701612295475,69.74121773577421,50.36,Neutral,Falling,Loose,Neutral
2013-11-01,56.25,68.5,78.85,57.0,71.75,67.24,47.473524795916525,48.54296536010901,31.89058893045913,40.3724776123082,43.26,28.358986093745497,28.31300438753439,57.36583886803769,60.25530263440566,40.53,45.37105419039185,30.948818135366253,71.27533482093722,49.16,Neutral,Falling,Loose,Illiquid
2013-12-01,55.5,65.7,23.35,63.75,71.75,53.39,53.85000703392932,45.01746190108706,52.82989730313359,43.46012088694072,48.92,28.48919616208449,28.70761811969883,56.67794742567407,60.25530263440566,40.55,41.52090807990486,30.197688049208715,74.72709826255401,48.74,Neutral,Falling,Loose,Illiquid
2014-01-01,40.5,67.45,81.35,30.5,41.25,57.37,52.25588647442612,30.91544806499924,62.69553297872059,46.547764161573234,46.8,28.22877602540651,29.496845584027703,54.01810051520143,69.71743263178443,42.06,44.20989901421324,30.44806474459456,74.53533362690862,49.68,Neutral,Falling,Loose,Illiquid
2014-02-01,69.0,66.92,57.4,81.5,41.25,64.58,41.894102837655325,30.91544806499924,63.50089099305423,49.63540743620575,44.47,28.22877602540651,29.496845584027703,53.51364679080144,69.71743263178443,41.96,46.83777651819642,30.44806474459456,71.4670994565826,49.56,Neutral,Falling,Loose,Illiquid
2014-03-01,74.75,68.5,74.85,77.0,41.25,69.89,49.06764535541972,48.54296536010901,57.46070588555197,49.63540743620575,50.7,28.358986093745497,28.31300438753439,52.96333363691055,69.71743263178443,41.54,45.432167620717046,30.197688049208715,71.65886409222799,49.06,Neutral,Stable,Loose,Illiquid
2014-04-01,52.0,69.03,41.3,75.5,82.25,60.98,48.27058507566812,48.54296536010901,57.46070588555197,49.63540743620575,50.46,28.48919616208449,28.44454229825587,53.37606850232872,69.71743263178443,41.7,46.3488690755949,30.44806474459456,71.85062872787336,49.52,Neutral,Stable,Loose,Illiquid
2014-05-01,60.0,67.8,54.6,54.25,82.25,62.35,48.27058507566812,48.54296536010901,41.95756410962954,52.72305071083825,47.98,28.48919616208449,28.44454229825587,51.12895645727424,69.71743263178443,41.25,47.937818264049845,30.197688049208715,68.97415919319269,49.03,Neutral,Falling,Loose,Illiquid
2014-06-01,58.25,69.2,83.7,56.25,82.25,70.0,43.48822339715853,37.96645498304315,47.59507020996497,46.547764161573234,43.26,28.619406230423465,29.36530767330623,48.74426612374704,69.71743263178443,41.09,47.63225111242389,29.94731135382287,69.54945310012883,49.03,Moderate,Falling,Loose,Illiquid
2014-07-01,55.25,67.8,24.95,54.5,80.5,53.85,41.894102837655325,41.49195844206511,41.95756410962954,52.72305071083825,43.95,28.48919616208449,28.97069394114179,50.16590843796518,69.71743263178443,41.21,48.36561227632618,30.948818135366253,68.59062992190195,49.29,Neutral,Falling,Loose,Illiquid
2014-08-01,46.0,67.45,73.55,69.25,80.5,66.26,31.53231920088454,30.91544806499924,35.11202098779366,49.63540743620575,35.68,28.48919616208449,29.759921405470664,47.9187963929107,69.71743263178443,41.0,46.22664221494452,31.699948221523783,66.28945429415744,48.05,Neutral,Falling,Loose,Illiquid
2014-09-01,57.5,68.68,71.05,43.0,80.5,64.37,33.92350004013934,43.25471017157608,38.93747155587842,43.46012088694072,39.63,28.48919616208449,28.83915603042031,47.64363981596526,69.71743263178443,40.67,44.88214674779033,32.45107830768132,68.59062992190195,48.6,Neutral,Falling,Loose,Illiquid
2014-10-01,50.5,67.97,25.1,60.0,62.75,52.04,31.53231920088454,45.01746190108706,15.582089140203063,40.3724776123082,34.16,28.48919616208449,28.70761811969883,49.06528213018339,69.71743263178443,40.92,41.70424837088044,33.702961784610544,64.1800433020583,46.48,Neutral,Low,Loose,Illiquid
2014-11-01,65.5,68.68,26.0,57.0,62.75,55.03,17.982294445107357,34.44095152402119,20.011558219038044,37.28483433767569,27.19,28.48919616208449,29.496845584027703,47.55192095698344,69.71743263178443,40.85,43.41542441998577,33.4525850892247,64.75533720899442,47.17,Neutral,Low,Loose,Illiquid
2014-12-01,50.5,68.5,66.95,32.75,62.75,58.58,8.417571088088167,23.86444114695533,5.716453464616062,37.28483433767569,18.28,28.87982636710144,30.68068678052101,46.49715407869256,69.71743263178443,41.11,44.27101244453844,34.70446856615392,62.26239694560452,47.05,Neutral,Low,Loose,Illiquid
2015-01-01,30.25,67.62,28.8,39.0,72.5,46.64,0.0,30.91544806499924,0.0,28.02190451377816,14.88,28.749616298762447,30.022997226913617,46.68059179665619,72.15688802173365,41.4,45.00437360844071,36.707482129240674,55.93416396930708,45.87,Weak,Low,Loose,Illiquid
2015-02-01,34.0,68.15,39.95,43.75,72.5,51.04,53.05294675417771,41.49195844206511,35.31336049137707,37.28483433767569,42.88,28.749616298762447,29.23376976258475,44.52519861058353,72.15688802173365,40.73,47.57113768209871,36.95785882462652,58.04357496140623,47.52,Neutral,Falling,Loose,Illiquid
2015-03-01,41.5,66.22,58.55,88.25,72.5,63.29,54.64706731368091,57.35672400766389,49.00444673504883,43.46012088694072,52.09,28.749616298762447,28.04992856609143,44.80035518752897,72.15688802173365,40.43,45.37105419039185,36.20672873846898,59.00239813963311,46.85,Neutral,Stable,Loose,Illiquid
2015-04-01,36.25,68.32,45.05,54.75,65.5,53.77,41.09704255790373,59.11947573717487,38.53479254871161,31.109547788410676,43.99,28.87982636710144,28.04992856609143,45.02965233498351,72.15688802173365,40.52,44.63769302648958,35.95635204308314,57.27651641882472,45.94,Neutral,Falling,Loose,Illiquid
2015-05-01,38.75,69.2,34.55,69.5,65.5,54.12,59.4294289921905,39.72920671255413,71.15179212922374,37.28483433767569,51.43,28.87982636710144,29.496845584027703,45.35066834141986,72.15688802173365,41.01,42.43760953478272,35.95635204308314,62.26239694560452,46.84,Neutral,Stable,Loose,Illiquid
2015-06-01,42.25,67.1,77.4,50.5,65.5,62.05,55.44412759343251,43.25471017157608,59.27276141780264,34.197191063043185,48.3,29.010036435440423,29.36530767330623,45.57996548887441,72.15688802173365,41.06,41.45979464957967,36.20672873846898,65.33063111593054,47.6,Neutral,Falling,Loose,Illiquid
2015-07-01,65.75,68.5,36.75,72.75,60.0,59.8,45.87940423641332,52.06846881913096,35.51469999496047,37.28483433767569,43.94,29.010036435440423,28.70761811969883,46.54301350818347,72.15688802173365,41.06,40.72643348567739,36.707482129240674,64.37180793770366,47.2,Neutral,Falling,Loose,Illiquid
2015-08-01,45.75,66.57,52.6,49.5,60.0,55.7,33.12643976038774,32.67819979451021,24.038348290706207,37.28483433767569,32.01,29.1402465037794,30.286073048356577,45.25894948243805,72.15688802173365,41.31,41.76536180120563,38.71049569232743,60.7282798604415,47.02,Neutral,Low,Loose,Illiquid
2015-09-01,43.0,66.92,51.5,38.75,60.0,53.36,15.591113605852556,52.06846881913096,15.380749636619656,37.28483433767569,30.83,29.1402465037794,28.83915603042031,45.67168434785622,72.15688802173365,40.96,42.68206325608348,39.96237916925665,61.68710303866839,48.06,Neutral,Low,Loose,Illiquid
2015-10-01,38.25,68.68,41.9,43.25,54.5,50.67,41.09704255790373,48.54296536010901,27.66245935520756,34.197191063043185,39.26,28.87982636710144,28.83915603042031,46.7264512261471,72.15688802173365,41.09,41.276454358604106,38.96087238771327,59.76945668221462,46.62,Neutral,Falling,Loose,Illiquid
2015-11-01,32.0,67.8,40.5,59.25,54.5,51.2,42.69116311740693,48.54296536010901,25.447724815790075,34.197191063043185,39.3,28.87982636710144,28.83915603042031,44.70863632854716,72.15688802173365,40.69,43.84321843226209,38.46011899694158,61.49533840302301,47.89,Neutral,Falling,Loose,Illiquid
2015-12-01,37.75,68.32,36.65,60.5,54.5,51.73,24.358776683120148,37.96645498304315,21.018255736955087,31.109547788410676,29.12,30.442347187169243,31.206838423406936,45.62582491836531,72.15688802173365,42.05,42.926516977384246,40.212755864642496,59.00239813963311,47.34,Neutral,Low,Loose,Illiquid
2016-01-01,62.5,66.57,73.35,34.75,64.5,62.47,29.141138361629743,45.01746190108706,34.91068148421025,28.02190451377816,34.83,31.74444787055909,31.996065887735803,45.99270035429257,67.05620857002165,41.73,45.248827329741474,42.4661461231151,55.55063469801633,47.73,Neutral,Low,Loose,Illiquid
2016-02-01,37.0,67.45,32.45,70.75,64.5,52.81,22.76465612361695,55.59397227815291,30.481212405375278,28.02190451377816,35.21,32.26528814391503,31.73299006629284,45.213090052947145,67.05620857002165,41.65,42.620949825758295,42.96689951388679,48.64710781478277,44.72,Neutral,Falling,Loose,Illiquid
2016-03-01,30.75,68.15,34.45,43.0,64.5,48.11,57.835308432687306,43.25471017157608,53.63525531746723,34.197191063043185,47.89,32.00486800723705,32.39067961990024,45.48824662989259,67.05620857002165,41.83,45.30994076006667,41.21426264618588,51.14004807817266,45.88,Weak,Falling,Loose,Illiquid
2016-04-01,58.0,67.27,63.2,63.5,58.0,62.91,63.414730390948506,60.88222746668585,56.85668737480175,37.28483433767569,56.12,32.13507807557604,31.206838423406936,45.90098149531075,67.05620857002165,41.59,47.51002425177352,40.212755864642496,50.75651880688192,46.17,Neutral,Stable,Loose,Illiquid
2016-05-01,44.25,65.52,36.0,57.0,58.0,51.86,52.25588647442612,57.35672400766389,67.93036007188921,24.934261239145645,51.46,32.13507807557604,31.46991424484989,44.15832317465627,67.05620857002165,41.32,49.465654022179606,40.46313256002834,49.989460264300405,46.67,Neutral,Stable,Loose,Illiquid
2016-06-01,62.25,67.97,41.55,76.75,58.0,60.54,55.44412759343251,43.25471017157608,69.74241560413988,31.109547788410676,49.78,32.26528814391503,32.6537554413432,45.25894948243805,67.05620857002165,41.94,50.32124204673227,40.963885950800034,46.729461458329006,46.05,Neutral,Falling,Loose,Illiquid
2016-07-01,53.0,69.55,69.9,47.5,67.75,62.84,29.141138361629743,36.20370325353217,45.7830146777143,34.197191063043185,35.6,32.395498212254004,33.31144499495059,45.90098149531075,67.05620857002165,42.3,50.7490360590086,40.963885950800034,43.46946265235759,45.12,Neutral,Falling,Loose,Illiquid
2016-08-01,47.5,66.75,52.3,50.75,67.75,56.99,47.473524795916525,57.35672400766389,32.89728644837617,28.02190451377816,43.63,32.525708280592994,31.864527977014323,45.07551176447442,67.05620857002165,41.74,52.58243896876431,40.71350925541419,44.620050466229856,46.04,Neutral,Falling,Loose,Illiquid
2016-09-01,47.75,68.68,43.25,67.25,67.75,57.83,53.85000703392932,45.01746190108706,47.99774921713179,24.934261239145645,44.25,32.525708280592994,32.78529335206468,45.57996548887441,67.05620857002165,42.12,52.33798524746355,41.21426264618588,46.15416755139288,46.63,Neutral,Falling,Loose,Illiquid
2016-10-01,51.75,66.22,63.1,54.25,63.75,60.5,51.45882619467452,36.20370325353217,42.56158262037977,24.934261239145645,39.8,32.525708280592994,33.44298290567207,44.937933476001696,67.05620857002165,42.19,53.193573272016216,40.71350925541419,47.880049272201255,47.32,Neutral,Falling,Loose,Illiquid
2016-11-01,40.5,66.4,58.7,50.25,63.75,56.61,42.69116311740693,39.72920671255413,40.54818758454569,24.934261239145645,37.82,32.655918348931976,33.31144499495059,45.12137119396533,67.05620857002165,42.23,51.971304665512406,39.461625778484965,52.86592979898105,48.14,Neutral,Falling,Loose,Illiquid
2016-12-01,67.75,67.62,57.55,79.75,63.75,66.56,53.05294675417771,46.780213630598034,65.31294652530491,18.75897468988063,46.76,34.34864923733877,34.49528619144391,46.17613807225621,67.05620857002165,43.3,50.44346890738265,38.46011899694158,58.42710423269698,49.12,Neutral,Falling,Loose,Illiquid
2017-01-01,44.25,67.62,70.85,77.75,62.25,64.74,65.0088509504517,53.83122054864194,71.55447113639055,31.109547788410676,56.18,35.780959989067604,35.416051566494254,45.07551176447442,64.98636763309506,43.37,46.898889948521614,37.70898891078405,57.27651641882472,47.29,Neutral,Stable,Loose,Illiquid
2017-02-01,40.5,67.62,56.5,49.25,62.25,56.12,45.87940423641332,52.06846881913096,54.23927382821744,34.197191063043185,47.07,35.91117005740658,35.679127387937214,45.99270035429257,64.98636763309506,43.67,46.40998250592009,37.458612215398205,56.89298714753397,46.92,Neutral,Falling,Loose,Illiquid
2017-03-01,65.5,66.4,68.55,46.75,62.25,63.4,29.141138361629743,11.525179040378491,43.76961964188022,28.02190451377816,26.56,37.60390094581338,40.41449217391045,46.49715407869256,64.98636763309506,45.7,46.77666308787124,37.70898891078405,53.824752977207936,46.11,Neutral,Low,Loose,Illiquid
2017-04-01,75.0,67.45,45.35,58.75,64.0,61.78,42.69116311740693,34.44095152402119,60.48079843930309,28.02190451377816,40.84,39.03621169754221,40.15141635246749,46.68059179665619,64.98636763309506,46.09,45.432167620717046,37.458612215398205,49.2224017217189,44.05,Neutral,Falling,Loose,Illiquid
2017-05-01,52.25,67.45,65.15,36.5,64.0,58.85,26.749957522374935,29.15269633548826,42.76292212396318,31.109547788410676,31.55,39.16642176588119,40.67756799535341,44.75449575803807,64.98636763309506,45.9,44.51546616583919,36.45710543385483,47.4965200009105,42.84,Neutral,Low,Loose,Illiquid
2017-06-01,55.25,67.45,39.75,62.75,64.0,57.04,38.70586171864893,37.96645498304315,53.031236806717,31.109547788410676,39.83,40.85915265428798,41.72987128112524,45.67168434785622,64.98636763309506,46.91,42.49872296510791,35.7059753476973,43.66122728800297,40.64,Neutral,Falling,Loose,Illiquid
2017-07-01,43.75,67.27,72.3,49.75,69.75,61.44,35.517620599642534,30.91544806499924,43.76961964188022,31.109547788410676,34.91,42.29146340601681,43.70293994194743,45.62582491836531,64.98636763309506,47.92,42.49872296510791,35.45559865231145,44.42828583058448,40.81,Neutral,Low,Loose,Illiquid
2017-08-01,38.75,66.75,62.0,55.0,69.75,58.5,63.414730390948506,53.83122054864194,47.99774921713179,31.109547788410676,51.0,42.42167347435579,42.12448501328968,44.98379290549261,64.98636763309506,47.36,41.09311406762853,35.7059753476973,43.46946265235759,40.1,Neutral,Stable,Loose,Illiquid
2017-09-01,53.0,66.05,74.15,100.0,69.75,70.93,73.77651402771929,34.44095152402119,55.24597134613448,34.197191063043185,50.35,42.29146340601681,43.43986412050447,45.30480891192896,64.98636763309506,47.78,40.359752903726246,35.7059753476973,42.89416874542146,39.66,Moderate,Stable,Loose,Illiquid
2017-10-01,81.0,66.75,79.5,52.0,78.25,71.72,39.50292199840053,64.40773092570781,45.7830146777143,24.934261239145645,45.32,42.29146340601681,41.20371963823933,45.94684092480166,64.98636763309506,47.24,39.56527830949877,35.205221956925605,45.19534437316599,39.98,Moderate,Falling,Loose,Illiquid
2017-11-01,56.5,67.62,57.15,75.5,78.25,65.02,54.64706731368091,34.44095152402119,55.04463184255107,28.02190451377816,43.34,42.42167347435579,43.57140203122595,44.341760892619895,64.98636763309506,47.66,37.4874216784423,34.70446856615392,41.93534556719458,38.04,Neutral,Falling,Loose,Illiquid
2017-12-01,55.75,66.75,64.55,63.75,78.25,64.7,49.86470563517132,52.06846881913096,48.80310723146542,34.197191063043185,47.18,44.24461443110157,44.097553674111865,45.213090052947145,64.98636763309506,48.54,38.03744255136902,34.454091870768075,41.16828702461308,37.89,Neutral,Falling,Loose,Illiquid
2018-01-01,50.0,66.57,50.35,38.75,70.25,55.4,67.40003178970649,74.98424130277367,61.28615645363673,34.197191063043185,61.81,45.6769251828304,43.8344778526689,44.75449575803807,62.177297790123234,48.24,34.859544174459124,34.454091870768075,42.89416874542146,37.38,Neutral,Stable,Loose,Illiquid
2018-02-01,56.0,69.72,81.35,63.5,70.25,69.0,54.64706731368091,50.30571708961998,59.07142191421924,34.197191063043185,50.14,45.807135251169385,45.80754651349109,43.28699401432902,62.177297790123234,48.58,33.33170841632936,35.7059753476973,45.19534437316599,38.03,Neutral,Stable,Loose,Illiquid
2018-03-01,61.25,67.62,53.15,50.5,70.25,60.42,34.720560319890936,53.83122054864194,44.77631715979726,37.28483433767569,42.98,46.97902586622024,46.72831188854144,43.97488545669263,62.177297790123234,49.34,33.02614126470341,36.95785882462652,42.31887483848533,37.39,Neutral,Falling,Loose,Illiquid
2018-04-01,78.5,66.75,74.65,50.25,63.25,68.25,53.85000703392932,39.72920671255413,54.84329233896767,34.197191063043185,45.88,49.32280709632196,50.14829756729989,43.83730716821991,62.177297790123234,51.04,31.192738354947704,36.707482129240674,41.7435809315492,36.49,Neutral,Falling,Neutral,Illiquid
2018-05-01,26.5,68.68,70.0,90.25,63.25,63.27,51.45882619467452,50.30571708961998,73.97054517939145,37.28483433767569,52.78,49.45301716466094,49.4906080136925,41.544335693674526,62.177297790123234,50.43,31.25385178527289,35.7059753476973,41.93534556719458,36.25,Neutral,Stable,Neutral,Illiquid
2018-06-01,70.5,67.62,59.85,41.25,63.25,61.86,40.29998227815213,32.67819979451021,54.64195283538425,43.46012088694072,41.51,51.01553798472875,52.384442049565024,42.78254028992903,62.177297790123234,52.01,32.965027834378226,36.20672873846898,39.82593457509543,36.3,Neutral,Falling,Neutral,Illiquid
2018-07-01,53.25,65.7,64.2,64.75,65.5,62.67,39.50292199840053,36.20370325353217,45.7830146777143,40.3724776123082,39.94,52.18742859977961,53.30520742461539,42.55324314247449,62.177297790123234,52.59,31.803872658199605,35.95635204308314,38.29181748993242,35.32,Neutral,Falling,Neutral,Illiquid
2018-08-01,67.0,67.97,36.8,51.5,65.5,57.27,47.473524795916525,27.389944605977284,35.91737900212729,43.46012088694072,38.33,52.18742859977961,53.96289697822279,40.351990526910924,62.177297790123234,52.35,31.31496521559808,35.205221956925605,36.94946504041479,34.46,Neutral,Falling,Neutral,Very Illiquid
2018-09-01,51.0,65.88,48.7,40.25,65.5,54.73,49.86470563517132,46.780213630598034,46.78971219563134,34.197191063043185,45.19,52.708268873135545,53.04213160317243,42.048789418074506,62.177297790123234,52.57,30.642717482020988,34.95484526153977,37.14122967606016,34.21,Neutral,Falling,Neutral,Very Illiquid
2018-10-01,45.75,66.92,64.4,75.0,53.5,61.93,51.45882619467452,52.06846881913096,54.64195283538425,40.3724776123082,50.06,55.83331051327117,55.80442772832348,41.59019512316543,62.177297790123234,54.24,28.442633990314132,35.7059753476973,37.716523582996295,33.9,Neutral,Stable,Neutral,Very Illiquid
2018-11-01,52.0,66.05,27.45,62.25,53.5,51.76,27.547017802126543,50.30571708961998,22.226292758455536,37.28483433767569,35.26,55.96352058161016,56.06750354976644,40.67300653334728,62.177297790123234,54.18,27.831499687062237,37.458612215398205,35.60711259089715,33.57,Neutral,Falling,Neutral,Very Illiquid
2018-12-01,50.75,67.27,71.1,1.25,53.5,53.64,38.70586171864893,57.35672400766389,31.89058893045913,34.197191063043185,42.04,56.87499105998304,56.46211728193088,41.26917911672908,62.177297790123234,54.69,30.520490621370605,39.21124908309912,29.278879614599703,32.98,Neutral,Falling,Neutral,Very Illiquid
2019-01-01,33.5,67.97,46.85,56.75,65.5,53.87,26.749957522374935,62.64497919619683,25.649064319373483,34.197191063043185,38.79,58.56772194838984,57.77749638914567,41.91121112960179,56.26346654176149,54.54,32.84280097372784,38.20974230155574,26.97770398685519,32.68,Neutral,Falling,Neutral,Very Illiquid
2019-02-01,37.0,65.0,61.0,56.75,65.5,57.21,57.03824815293571,43.25471017157608,45.7830146777143,31.109547788410676,45.47,58.56772194838984,59.22441340708193,40.2144122384382,56.26346654176149,54.63,32.78168754340265,35.95635204308314,26.01888080862831,31.6,Neutral,Falling,Neutral,Very Illiquid
2019-03-01,50.25,67.62,42.05,88.25,65.5,60.64,63.414730390948506,41.49195844206511,60.88347744646991,28.02190451377816,49.25,58.69793201672883,59.48748922852489,41.26917911672908,56.26346654176149,54.96,32.170553240150745,34.95484526153977,23.717705180883787,30.3,Neutral,Falling,Neutral,Very Illiquid
2019-04-01,36.25,68.5,57.5,50.25,71.0,56.81,63.414730390948506,43.25471017157608,57.86338489271879,28.02190451377816,49.18,58.8281420850678,59.48748922852489,41.95707055909269,56.26346654176149,55.14,32.598347252427075,34.70446856615392,23.33417590959303,30.24,Neutral,Falling,Neutral,Very Illiquid
2019-05-01,53.5,65.35,44.4,77.0,71.0,60.06,34.720560319890936,29.15269633548826,40.74952708812909,40.3724776123082,35.39,58.43751188005085,60.14517878213229,38.47175391778371,56.26346654176149,54.52,34.30952330153241,34.95484526153977,21.416529553139256,30.27,Neutral,Falling,Neutral,Very Illiquid
2019-06-01,53.0,67.45,59.1,52.5,71.0,60.58,30.735258921132942,50.30571708961998,30.88389141254209,34.197191063043185,37.33,58.307301811711866,58.435185942753066,42.14050827705633,56.26346654176149,54.7,36.75406051454002,35.7059753476973,18.54006001845861,30.4,Neutral,Falling,Neutral,Very Illiquid
2019-07-01,37.0,66.05,32.6,69.0,79.25,53.64,51.45882619467452,52.06846881913096,48.80310723146542,31.109547788410676,47.04,58.56772194838984,58.56672385347454,41.03988196927454,56.26346654176149,54.6,38.709690284946106,35.45559865231145,19.69064783233087,31.36,Neutral,Falling,Neutral,Very Illiquid
2019-08-01,69.0,67.8,52.6,67.0,79.25,65.26,40.29998227815213,55.59397227815291,29.67585439104164,34.197191063043185,41.54,55.052050103237264,54.75212444255165,41.91121112960179,56.26346654176149,52.58,39.9930723217751,36.20672873846898,14.32123803426032,30.27,Neutral,Falling,Neutral,Very Illiquid
2019-09-01,42.25,67.27,41.45,34.0,79.25,52.02,45.08234395666173,48.54296536010901,36.722737016460925,37.28483433767569,42.89,53.88015948818641,54.09443488894426,49.93661129051064,56.26346654176149,53.63,42.559836395433095,37.208235520012366,16.814178297650223,32.3,Neutral,Falling,Neutral,Very Illiquid
2019-10-01,28.75,66.05,44.5,56.75,67.0,51.9,55.44412759343251,53.83122054864194,46.78971219563134,28.02190451377816,47.74,51.14574805306774,50.93752503162876,65.1160824520011,56.26346654176149,54.9,47.815591403399466,36.707482129240674,21.60829418878464,35.5,Neutral,Falling,Neutral,Illiquid
2019-11-01,63.75,67.45,49.3,67.5,67.0,62.14,55.44412759343251,53.83122054864194,48.80310723146542,28.02190451377816,48.15,47.49986613957618,47.25446353142736,54.01810051520143,56.26346654176149,50.48,51.665737513886455,35.7059753476973,25.63535153733755,37.81,Neutral,Falling,Neutral,Illiquid
2019-12-01,45.0,66.4,21.25,58.0,67.0,49.63,56.2411878731841,46.780213630598034,44.77631715979726,21.846617964513133,44.23,47.49986613957618,47.78061517431328,53.92638165621961,56.26346654176149,50.62,49.09897344022846,35.95635204308314,26.59417471556444,37.34,Weak,Falling,Neutral,Illiquid
2020-01-01,35.25,67.8,49.25,46.5,15.25,48.2,48.27058507566812,60.88222746668585,47.79640971354839,28.02190451377816,47.91,47.49986613957618,46.72831188854144,50.44106501491063,0.0,38.36,49.160086870553656,34.95484526153977,25.060057630401424,36.52,Weak,Falling,Loose,Illiquid
2020-02-01,58.25,67.97,52.9,51.0,15.25,54.44,37.11174115914573,59.11947573717487,18.602181693954183,24.934261239145645,37.58,47.89049634459313,47.25446353142736,46.77231065563801,0.0,37.9,49.71010774348037,38.20974230155574,20.074177103621626,36.14,Neutral,Falling,Loose,Illiquid
2020-03-01,0.0,48.9,5.3,0.0,15.25,17.52,0.0,0.0,7.931188004033546,18.75897468988063,5.34,35.780959989067604,39.88834053102453,95.01643048007293,0.0,41.7,69.81642632046798,52.23083724316303,31.58005524234423,51.4,Recessionary,Low,Loose,Neutral
2020-04-01,0.0,30.0,40.0,0.0,0.0,19.0,0.0,0.0,0.0,15.67133141524812,3.13,27.968355888728546,36.86296858443052,100.0,0.0,39.45,100.0,56.236864369336544,30.429467428471973,62.6,Recessionary,Low,Loose,Neutral
2020-05-01,89.25,100.0,60.0,100.0,0.0,77.85,25.95289724262334,0.0,78.40001425822642,49.63540743620575,33.39,27.968355888728546,32.12760379845728,92.90689672349116,0.0,36.61,100.0,46.97292664006029,30.812996699762728,59.67,Moderate,Low,Loose,Neutral
2020-06-01,100.0,100.0,79.3,100.0,0.0,84.82,71.3853331884645,43.25471017157608,72.5611686543076,43.46012088694072,57.6,28.358986093745497,28.70761811969883,57.503417156510416,0.0,28.62,100.0,41.21426264618588,31.388290606698853,57.96,Moderate,Stable,Very Loose,Neutral
2020-07-01,100.0,85.12,89.4,90.0,100.0,91.39,73.77651402771929,100.0,63.70223049663763,43.46012088694072,73.57,28.48919616208449,23.314563780118203,34.84885898800199,0.0,22.51,100.0,38.96087238771327,29.85417352153584,56.71,Strong,Rising,Very Loose,Neutral
2020-08-01,74.25,84.6,44.85,71.0,100.0,72.09,62.6176701111969,83.79799995032855,58.26606389988561,46.547764161573234,64.89,28.619406230423465,25.945321994547776,46.63473236716528,0.0,25.7,100.0,37.458612215398205,31.004761335408105,56.59,Moderate,Stable,Very Loose,Neutral
2020-09-01,49.0,76.9,86.5,99.75,100.0,79.46,53.85000703392932,48.54296536010901,57.25936638196857,31.109547788410676,48.39,28.48919616208449,28.44454229825587,50.39520558541971,0.0,27.16,100.0,37.458612215398205,31.388290606698853,56.72,Moderate,Falling,Very Loose,Neutral
2020-10-01,66.5,73.58,69.0,40.0,77.0,66.32,42.69116311740693,39.72920671255413,55.04463184255107,31.109547788410676,41.96,28.48919616208449,29.10223185186327,51.40411303421969,0.0,27.56,100.0,37.458612215398205,33.68946623444338,57.48,Neutral,Falling,Very Loose,Neutral
2020-11-01,61.0,68.32,55.15,26.0,77.0,58.08,51.45882619467452,59.11947573717487,63.299551489470815,37.28483433767569,53.29,28.48919616208449,27.655314833927,49.52387642509248,0.0,26.75,100.0,36.20672873846898,35.41534795525177,57.64,Neutral,Stable,Very Loose,Neutral
2020-12-01,82.25,62.72,83.4,71.5,77.0,74.54,67.40003178970649,37.96645498304315,67.12500205755558,28.02190451377816,50.64,28.48919616208449,29.23376976258475,53.33020907283781,0.0,27.98,100.0,34.95484526153977,36.565935769124025,57.6,Moderate,Stable,Very Loose,Neutral
2021-01-01,65.5,69.55,96.4,100.0,84.5,81.52,51.45882619467452,20.33893768793337,87.86297092664663,43.46012088694072,47.8,28.48919616208449,30.549148869799534,48.97356327120158,3.40859975952848,28.19,100.0,34.454091870768075,39.63416993945006,58.45,Moderate,Falling,Very Loose,Neutral
2021-02-01,0.0,71.3,45.45,0.0,84.5,41.2,61.8206098314453,37.96645498304315,100.0,52.72305071083825,60.48,28.358986093745497,29.10223185186327,53.60536564978325,3.40859975952848,28.64,100.0,34.20371517538223,43.85299192364835,59.76,Weak,Stable,Very Loose,Neutral
2021-03-01,100.0,74.97,87.25,100.0,84.5,87.75,71.3853331884645,59.11947573717487,86.85627340872958,46.547764161573234,65.83,28.22877602540651,27.392239012484044,54.660132528074136,3.40859975952848,28.3,100.0,33.95333847999639,50.75651880688192,61.95,Strong,Stable,Very Loose,Neutral
2021-04-01,53.5,69.38,60.0,72.25,89.25,66.28,86.52947850374488,100.0,71.95715014355737,55.81069398547076,81.51,28.22877602540651,20.157653922802695,53.28434964334689,3.40859975952848,25.85,100.0,33.20220839383885,51.52357734946342,61.96,Neutral,Rising,Very Loose,Neutral
2021-05-01,71.75,70.08,30.0,35.0,89.25,57.05,86.52947850374488,100.0,100.0,92.86241328106088,94.53,28.098565957067528,21.73610885146045,50.99137816880152,3.40859975952848,25.83,96.33965508160058,32.70145500306716,51.14004807817266,60.42,Neutral,High,Very Loose,Neutral
2021-06-01,61.75,74.62,64.2,77.5,89.25,71.34,100.0,100.0,80.61474879764393,80.51184018253086,92.23,28.358986093745497,20.55226765496714,54.93528910501958,3.40859975952848,26.34,86.62261965989532,32.70145500306716,48.83887245042814,56.36,Moderate,High,Very Loose,Neutral
2021-07-01,60.5,76.2,72.3,8.5,71.25,61.43,69.79121262896129,80.2724964913066,70.74911312205691,95.95005655569342,78.36,28.619406230423465,26.20839781599073,54.98114853451048,3.40859975952848,28.13,85.95037192631823,33.20220839383885,44.81181510187523,54.97,Neutral,Rising,Very Loose,Neutral
2021-08-01,49.25,70.78,67.45,65.5,71.25,64.9,56.2411878731841,39.72920671255413,58.46740340346902,92.86241328106088,59.06,28.48919616208449,29.10223185186327,51.31239417523788,3.40859975952848,28.22,89.49495088517926,33.702961784610544,44.04475655929373,56.09,Neutral,Stable,Very Loose,Neutral
2021-09-01,23.75,70.6,50.75,67.0,71.25,55.79,68.1970920694581,59.11947573717487,64.30624900738786,92.86241328106088,69.63,28.358986093745497,27.523776923205524,52.64231763047419,3.40859975952848,27.98,86.37816593859456,33.702961784610544,45.96240291574749,55.66,Neutral,Stable,Very Loose,Neutral
2021-10-01,84.25,75.15,57.7,86.5,95.0,76.3,100.0,100.0,85.64823638722913,99.03769983032592,96.94,28.358986093745497,21.73610885146045,50.9455187393106,3.40859975952848,25.9,86.01148535664342,33.95333847999639,49.79769562865503,56.88,Moderate,High,Very Loose,Neutral
2021-11-01,72.75,72.52,64.55,75.5,95.0,73.27,99.28244297977044,100.0,68.33303907905602,100.0,93.45,28.358986093745497,22.525336315789325,52.734036489456,3.40859975952848,26.49,83.38360785266023,35.45559865231145,49.41416635736427,56.36,Moderate,High,Very Loose,Neutral
2021-12-01,48.25,71.82,77.0,30.25,95.0,64.48,89.71771962275128,100.0,28.669156873124603,99.03769983032592,82.46,28.358986093745497,22.39379840506784,49.61559528407429,3.40859975952848,25.83,82.77247354940833,36.45710543385483,47.4965200009105,55.85,Neutral,Rising,Very Loose,Neutral
2022-01-01,50.5,67.62,49.85,96.75,43.5,61.71,82.54417710498687,100.0,87.4602919194798,100.0,92.26,28.358986093745497,23.577639601561163,50.71622159185607,50.94101841823593,35.91,78.37230656599463,35.95635204308314,51.33181271381804,55.45,Neutral,High,Loose,Neutral
2022-02-01,65.5,75.15,51.5,76.0,43.5,64.27,88.92065934299967,100.0,95.51387206281612,100.0,95.78,28.358986093745497,24.10379124444707,49.61559528407429,50.94101841823593,35.85,73.23877841867863,37.9593656061699,51.14004807817266,54.3,Neutral,High,Loose,Neutral
2022-03-01,70.25,70.43,59.4,100.0,43.5,69.38,100.0,62.64497919619683,100.0,100.0,88.79,29.921506913813307,28.83915603042031,47.50606152749253,50.94101841823593,37.32,66.5774145132329,40.212755864642496,52.86592979898105,53.35,Neutral,High,Loose,Neutral
2022-04-01,55.5,68.5,57.5,85.25,51.75,63.99,64.2117906707001,100.0,85.84957589081255,100.0,86.43,31.614237802220103,27.655314833927,46.45129464920165,50.94101841823593,37.26,56.24924478827573,40.963885950800034,58.61886886834235,51.99,Neutral,High,Loose,Neutral
2022-05-01,51.5,67.8,53.85,48.75,51.75,56.59,100.0,100.0,100.0,100.0,100.0,37.34348080913541,32.78529335206468,44.89207404651079,50.94101841823593,40.21,45.79884820266818,42.71652281850095,57.27651641882472,48.57,Neutral,High,Loose,Illiquid
2022-06-01,46.5,70.25,44.7,73.75,51.75,57.79,100.0,100.0,96.31923007714975,100.0,99.26,43.07272381605072,36.86296858443052,44.98379290549261,50.94101841823593,43.17,43.04874383803462,44.96991307697355,52.09887125639955,46.67,Neutral,High,Loose,Illiquid
2022-07-01,55.5,73.05,59.95,25.25,66.75,58.46,29.93819864138134,78.50974476179562,0.0,100.0,52.53,49.19259702798298,47.12292562070588,44.15832317465627,50.94101841823593,47.91,38.09855598169421,45.22028977235939,33.305936963152625,38.87,Neutral,Stable,Loose,Illiquid
2022-08-01,53.0,67.62,47.7,65.25,66.75,59.27,39.50292199840053,100.0,24.64236680145643,99.03769983032592,66.59,57.65625147001695,53.69982115677983,43.65386945025628,50.94101841823593,52.33,31.43719207624846,44.21878299081601,25.63535153733755,33.74,Neutral,Stable,Neutral,Very Illiquid
2022-09-01,58.75,67.62,50.4,43.5,66.75,57.84,67.40003178970649,100.0,32.494607441209354,95.95005655569342,75.91,60.65108304181358,55.93596563904496,43.60801002076538,50.94101841823593,53.89,23.859126715924862,46.22179655390276,27.93652716508207,32.58,Neutral,Rising,Neutral,Very Illiquid
2022-10-01,47.75,69.55,57.45,75.75,70.75,63.22,75.37063458722248,80.2724964913066,23.43432977995598,100.0,71.38,67.42200659544076,65.40669521099144,41.95707055909269,50.94101841823593,58.43,16.219947925276074,47.22330333544614,25.44358690169217,29.49,Neutral,Rising,Neutral,Very Illiquid
2022-11-01,41.75,68.32,41.85,15.5,70.75,48.71,52.25588647442612,69.69598611424074,30.279872901791865,100.0,62.64,76.53671137916966,75.40357642582384,39.93925566149275,50.94101841823593,63.76,9.253016868204378,45.72104316313108,15.471825848132582,23.34,Weak,Stable,Neutral,Very Illiquid
2022-12-01,19.0,66.4,53.5,20.75,70.75,47.28,35.517620599642534,80.2724964913066,4.508416443115598,83.59948345716336,52.36,80.70343356601714,78.8235621045823,42.048789418074506,50.94101841823593,66.46,0.9415903439784878,44.96991307697355,8.376534329253637,17.92,Weak,Stable,Neutral,Very Illiquid
2023-01-01,72.5,70.08,43.55,100.0,67.25,68.14,76.9647551467257,89.08625513886147,62.896872482304,71.24891035863332,76.64,83.69826513781379,81.19124449756892,41.544335693674526,44.80541849806063,66.74,0.0,42.96689951388679,1.0894781747293247,14.54,Neutral,Rising,Neutral,Very Illiquid
2023-02-01,51.25,68.5,34.6,20.25,67.25,49.21,60.22648927194211,97.90001378641637,32.695946944792766,80.51184018253086,70.08,86.82330677794943,83.690464801277,41.03988196927454,44.80541849806063,68.32,0.0,42.4661461231151,3.198889166828472,15.07,Weak,Rising,Neutral,Very Illiquid
2023-03-01,50.25,65.88,79.35,23.75,67.25,59.94,37.908801438897335,74.98424130277367,32.29326793762595,61.98598053473579,52.72,87.8649873246613,86.45276092642806,53.42192793181962,44.80541849806063,71.94,0.0,45.22028977235939,0.7059489034385802,15.16,Neutral,Stable,Tight,Very Illiquid
2023-04-01,60.0,67.45,23.85,70.5,65.25,55.3,65.0088509504517,94.37451032739442,43.56828013829681,95.95005655569342,75.72,90.208768554763,87.37352630147842,48.23981239934705,44.80541849806063,71.88,0.0,45.47066646774523,0.0,15.01,Neutral,Rising,Tight,Very Illiquid
2023-05-01,44.0,67.62,27.75,62.75,65.25,51.96,45.08234395666173,80.2724964913066,19.407539708287818,80.51184018253086,57.59,93.20360012655964,91.45120153384428,37.96730019338372,44.80541849806063,71.95,0.0,44.7195363815877,0.0,14.76,Neutral,Stable,Tight,Very Illiquid
2023-06-01,35.5,67.97,80.7,62.0,65.25,63.49,53.85000703392932,53.83122054864194,46.18569368488112,52.72305071083825,52.09,93.4640202632376,93.6873460161094,40.902303680801815,44.80541849806063,73.29,0.0,44.469159686201856,0.0,14.67,Neutral,Stable,Tight,Very Illiquid
2023-07-01,67.0,66.57,62.25,54.75,76.75,64.82,46.67646451616492,53.83122054864194,44.574977656213846,55.81069398547076,50.23,93.98486053659354,94.21349765899534,40.58128767436546,44.80541849806063,73.54,0.0,43.46765290465848,0.0,14.34,Neutral,Stable,Tight,Very Illiquid
2023-08-01,50.5,66.75,45.25,73.25,76.75,60.1,72.9794537479677,53.83122054864194,75.17858220089191,58.89833726010328,64.86,96.71927197171222,96.9757937841464,39.29722364862005,44.80541849806063,74.93,0.0,41.96539273234341,0.0,13.85,Neutral,Stable,Tight,Very Illiquid
2023-09-01,55.25,66.75,54.95,67.0,76.75,62.54,65.0088509504517,69.69598611424074,54.64195283538425,49.63540743620575,61.27,96.71927197171222,95.79195258765309,39.57238022556549,44.80541849806063,74.63,0.0,41.71501603695757,2.431830624246972,14.57,Neutral,Stable,Tight,Very Illiquid
2023-10-01,32.25,67.1,49.05,38.25,69.75,51.56,40.29998227815213,60.88222746668585,15.582089140203063,80.51184018253086,49.57,96.71927197171222,96.44964214126048,38.83862935371097,44.80541849806063,74.68,0.0,42.71652281850095,10.102416050062027,17.43,Neutral,Falling,Tight,Very Illiquid
2023-11-01,57.5,66.57,53.95,47.0,69.75,58.98,44.285283676910126,67.93323438472976,26.2530828301237,89.7747700064284,56.87,96.71927197171222,95.92349049837456,39.434801937092764,44.80541849806063,74.64,0.0,42.215769427729256,5.6918294302183705,15.81,Neutral,Stable,Tight,Very Illiquid
2023-12-01,43.75,67.97,59.2,53.5,69.75,58.94,49.86470563517132,62.64497919619683,21.018255736955087,46.547764161573234,47.27,96.71927197171222,96.31810423053898,39.6640990845473,44.80541849806063,74.81,0.0,41.21426264618588,0.0,13.6,Neutral,Falling,Tight,Very Illiquid
2024-01-01,22.0,66.4,45.95,28.75,60.0,46.12,60.22648927194211,80.2724964913066,56.45400836763493,40.3724776123082,61.51,96.71927197171222,95.0027251233242,42.14050827705633,43.622652248388285,74.67,0.0,40.212755864642496,0.0,13.27,Weak,Stable,Tight,Very Illiquid
2024-02-01,80.75,67.45,52.25,67.75,60.0,65.61,65.0088509504517,80.2724964913066,73.76920567580805,43.46012088694072,67.03,96.71927197171222,95.0027251233242,41.68191398214724,43.622652248388285,74.58,0.0,39.461625778484965,0.7059489034385802,13.26,Neutral,Stable,Tight,Very Illiquid
2024-03-01,45.0,67.8,50.85,58.5,60.0,56.83,61.0235495516937,82.03524822081758,46.18569368488112,40.3724776123082,60.23,96.71927197171222,94.87118721260272,40.58128767436546,43.622652248388285,74.32,8.825222855928045,38.96087238771327,0.7059489034385802,16.09,Neutral,Stable,Tight,Very Illiquid
2024-04-01,46.0,66.22,58.2,49.75,68.5,57.93,56.2411878731841,60.88222746668585,59.67544042496946,49.63540743620575,57.0,96.71927197171222,96.44964214126048,39.6182396550564,43.622652248388285,74.6,14.080977863894413,39.461625778484965,7.034181879736012,20.13,Neutral,Stable,Tight,Very Illiquid
2024-05-01,65.25,67.1,51.45,68.75,68.5,63.21,36.31468087939413,39.72920671255413,31.68924942687572,52.72305071083825,39.7,96.71927197171222,98.02809706991822,39.38894250760186,43.622652248388285,75.03,13.836524142593648,39.71200247387081,5.6918294302183705,19.69,Neutral,Falling,Tight,Very Illiquid
2024-06-01,56.75,66.05,56.75,48.75,68.5,59.52,33.12643976038774,30.91544806499924,49.60846524579905,43.46012088694072,37.83,96.71927197171222,98.6857866235256,41.17746025774726,43.622652248388285,75.58,16.40328821625164,40.212755864642496,2.6235952598923418,19.71,Neutral,Falling,Tight,Very Illiquid
2024-07-01,32.25,66.05,43.95,73.25,69.0,55.14,44.285283676910126,48.54296536010901,55.849989856884704,40.3724776123082,47.09,96.71927197171222,97.37040751631082,42.965978007892666,43.622652248388285,75.54,17.68667025308064,40.71350925541419,2.240065988601581,20.19,Neutral,Falling,Tight,Very Illiquid
2024-08-01,62.25,65.7,58.65,45.0,69.0,60.47,47.473524795916525,64.40773092570781,30.279872901791865,37.28483433767569,47.08,96.71927197171222,96.18656631981752,42.23222713603814,43.622652248388285,75.04,20.986795490640915,40.46313256002834,0.0,20.49,Neutral,Falling,Tight,Very Illiquid
2024-09-01,39.75,67.62,67.55,70.0,69.0,62.52,51.45882619467452,69.69598611424074,22.830311269205755,34.197191063043185,47.75,94.11507060493254,93.1611943732235,42.41566485400177,43.622652248388285,73.39,24.34803415852638,39.461625778484965,1.2812428103746998,21.72,Neutral,Falling,Tight,Very Illiquid
2024-10-01,40.75,65.52,51.45,66.0,65.25,57.09,51.45882619467452,62.64497919619683,47.99774921713179,34.197191063043185,50.67,90.208768554763,89.74120869446503,41.17746025774726,43.622652248388285,70.95,26.85368480185919,38.96087238771327,12.595356313451928,26.14,Neutral,Stable,Tight,Very Illiquid
2024-11-01,43.5,67.8,47.0,66.0,65.25,57.22,55.44412759343251,66.17048265521878,45.7830146777143,31.109547788410676,51.86,87.7347772563223,86.97891256931398,39.89339623200185,43.622652248388285,69.12,29.60378916649276,38.20974230155574,19.30711856104012,29.05,Neutral,Stable,Neutral,Very Illiquid
2024-12-01,76.75,68.5,54.25,69.25,65.25,66.38,61.8206098314453,52.06846881913096,46.38703318846453,37.28483433767569,50.9,85.65141616289856,85.92660928354215,41.95707055909269,43.622652248388285,68.59,29.970469748443897,37.9593656061699,22.7588820026569,30.23,Neutral,Stable,Neutral,Very Illiquid
2025-01-01,46.0,66.22,55.5,28.5,46.75,51.89,70.5882729087129,94.37451032739442,75.98394021522554,52.72305071083825,75.23,83.69826513781379,80.79663076540447,42.0029299885836,43.622652248388285,66.47,29.78712945746832,37.458612215398205,28.511821072018208,31.9,Neutral,Rising,Neutral,Very Illiquid
2025-02-01,74.0,66.05,59.2,51.0,46.75,61.74,50.66176591492292,55.59397227815291,61.48749595722014,83.59948345716336,60.89,83.69826513781379,83.690464801277,42.5991025719654,43.622652248388285,67.46,29.2982220148668,37.458612215398205,24.86829299475605,30.53,Neutral,Stable,Neutral,Very Illiquid
2025-03-01,44.5,66.4,53.0,88.0,46.75,59.94,29.141138361629743,25.6271928764663,37.32675552721116,100.0,43.9,83.69826513781379,85.92660928354215,42.92011857840176,43.622652248388285,68.2,30.214923469744654,38.96087238771327,21.991823460075388,30.39,Neutral,Falling,Neutral,Very Illiquid
2025-04-01,50.75,66.75,56.55,47.25,68.25,58.22,50.66176591492292,57.35672400766389,43.56828013829681,100.0,61.12,83.69826513781379,83.55892689055553,43.56215059127446,43.622652248388285,67.61,33.515048707304935,40.212755864642496,21.800058824430018,31.86,Neutral,Stable,Neutral,Very Illiquid
2025-05-01,52.0,65.18,54.0,30.25,68.25,54.82,39.50292199840053,37.96645498304315,46.58837269204793,100.0,52.56,83.69826513781379,85.00584390849181,43.83730716821991,43.622652248388285,68.1,33.88172928925607,38.96087238771327,23.717705180883787,32.2,Neutral,Stable,Neutral,Very Illiquid
2025-06-01,58.75,65.18,52.85,72.5,68.25,62.22,56.2411878731841,55.59397227815291,60.682137942886506,100.0,65.69,83.69826513781379,83.690464801277,44.02074488618354,43.622652248388285,67.75,35.77624562933698,37.9593656061699,23.33417590959303,32.39,Neutral,Stable,Neutral,Very Illiquid
2025-07-01,47.0,65.88,52.85,62.75,68.25,58.61,49.06764535541972,71.45873784375172,59.27276141780264,100.0,68.01,83.69826513781379,82.5066236047837,44.43347975160171,43.622652248388285,67.47,35.77624562933698,36.95785882462652,23.14241127394765,32.0,Neutral,Stable,Neutral,Very Illiquid
